code,display_name,line_item_description,kind,type_code,category_code,unit_type_ref,unit_cost,buy_cost,markup_type,markup_value,tax_rate,pricing_mode,fixed_unit_cost,external_reference
MAT-ELEC-GPO-01,GPO double power outlet,Supply and install double gang general purpose outlet including back box and plate,primitive,material,electrical,ea,21.60,18.00,percent,20,0.10,,,
MAT-ELEC-SW-1-02,Single light switch,Supply and install single gang light switch including back box and cover plate,primitive,material,electrical,ea,25.80,21.50,percent,20,0.10,,,
MAT-ELEC-SW-2-03,Two-way light switch,Supply and install two-way light switch wired for stair or multi-entry control,primitive,material,electrical,ea,30.00,25.00,percent,20,0.10,,,
MAT-ELEC-LED-DOWN-04,LED downlight,Supply and install LED recessed downlight cut into ceiling with fire-rated boot where required,primitive,material,electrical,ea,34.20,28.50,percent,20,0.10,,,
MAT-ELEC-SMK-ALARM-05,Smoke alarm,Supply and install hard-wired photoelectric smoke alarm to current standard,primitive,material,electrical,ea,38.40,32.00,percent,20,0.10,,,
MAT-ELEC-RCD-06,RCD safety switch,Supply and install residual current device on sub-circuit,primitive,material,electrical,ea,42.60,35.50,percent,20,0.10,,,
MAT-ELEC-CABLE-2.5-07,2.5mm TPS cable,Supply 2.5mm twin and earth cable per metre for power circuits,primitive,material,electrical,ea,46.80,39.00,percent,20,0.10,,,
MAT-ELEC-CABLE-1.5-08,1.5mm TPS cable,Supply 1.5mm twin and earth cable per metre for lighting circuits,primitive,material,electrical,ea,51.00,42.50,percent,20,0.10,,,
MAT-ELEC-CB-09,Circuit breaker,Supply and install single pole circuit breaker in switchboard,primitive,material,electrical,ea,55.20,46.00,percent,20,0.10,,,
MAT-ELEC-METER-BOX-10,Meter box enclosure,Supply meter box enclosure and labelling for reconnection works,primitive,material,electrical,ea,59.40,49.50,percent,20,0.10,,,
MAT-ELEC-FAN-EX-11,Exhaust fan,Supply and install ceiling or wall exhaust fan with duct to external grille,primitive,material,electrical,ea,63.60,53.00,percent,20,0.10,,,
MAT-ELEC-HWS-ELE-12,Electric HWS element,Supply and install electric hot water service element and thermostat,primitive,material,electrical,ea,67.80,56.50,percent,20,0.10,,,
MAT-ELEC-DATA-PT-13,Data point,Supply and install single RJ45 data outlet and patch lead termination,primitive,material,electrical,ea,72.00,60.00,percent,20,0.10,,,
MAT-ELEC-CEILING-FAN-14,Ceiling fan,Supply and install ceiling fan with wall controller on existing circuit,primitive,material,electrical,ea,76.20,63.50,percent,20,0.10,,,
MAT-ELEC-FLOOD-LGT-15,External flood light,Supply and install weatherproof LED floodlight with PIR sensor,primitive,material,electrical,ea,80.40,67.00,percent,20,0.10,,,
MAT-PLUM-TAP-MIX-01,Basin mixer tap,Supply and install basin mixer tap including flex hoses and connections,primitive,material,plumbing,ea,19.20,16.00,percent,20,0.10,,,
MAT-PLUM-TAP-SINK-02,Sink mixer tap,Supply and install kitchen sink mixer with flexible connections,primitive,material,plumbing,ea,23.40,19.50,percent,20,0.10,,,
MAT-PLUM-TOILET-SUITE-03,Toilet suite,Supply and install close coupled toilet suite including pan collar and cistern,primitive,material,plumbing,ea,27.60,23.00,percent,20,0.10,,,
MAT-PLUM-CISTERN-04,Toilet cistern,Supply and replace toilet cistern including inlet and outlet valve set,primitive,material,plumbing,ea,31.80,26.50,percent,20,0.10,,,
MAT-PLUM-SHOWER-HEAD-05,Shower head set,Supply and install shower rose and arm with water saving rating,primitive,material,plumbing,ea,36.00,30.00,percent,20,0.10,,,
MAT-PLUM-SHOWER-SCREEN-06,Shower screen,Supply and install framed shower screen to standard opening,primitive,material,plumbing,ea,40.20,33.50,percent,20,0.10,,,
MAT-PLUM-FLEX-HOSE-07,Flexible water hose,Supply and install stainless braided flex hose connection,primitive,material,plumbing,ea,44.40,37.00,percent,20,0.10,,,
MAT-PLUM-PTR-VALVE-08,PTR valve,Supply and replace pressure temperature relief valve on hot water service,primitive,material,plumbing,ea,48.60,40.50,percent,20,0.10,,,
MAT-PLUM-PIPE-COP-15-09,15mm copper pipe,Supply 15mm copper tube per metre for water reticulation,primitive,material,plumbing,ea,52.80,44.00,percent,20,0.10,,,
MAT-PLUM-PIPE-COP-20-10,20mm copper pipe,Supply 20mm copper tube per metre for main runs,primitive,material,plumbing,ea,57.00,47.50,percent,20,0.10,,,
MAT-PLUM-PIPE-PVC-50-11,50mm PVC waste,Supply 50mm PVC waste pipe per metre including fittings allowance,primitive,material,plumbing,ea,61.20,51.00,percent,20,0.10,,,
MAT-PLUM-PIPE-PVC-100-12,100mm sewer pipe,Supply 100mm PVC sewer pipe per metre for underground repair,primitive,material,plumbing,ea,65.40,54.50,percent,20,0.10,,,
MAT-PLUM-FLOOR-WASTE-13,Floor waste grate,Supply and install chrome floor waste grate and trap connection,primitive,material,plumbing,ea,69.60,58.00,percent,20,0.10,,,
MAT-PLUM-SINK-BL-14,Stainless sink,Supply and install single bowl stainless steel sink with clips,primitive,material,plumbing,ea,73.80,61.50,percent,20,0.10,,,
MAT-PLUM-DISHWASHER-VALVE-15,Dishwasher tap,Supply and install mini stop and dishwasher connection point,primitive,material,plumbing,ea,78.00,65.00,percent,20,0.10,,,
MAT-PLUM-HWS-UNIT-16,Hot water service,Supply and install electric storage hot water unit including valves,primitive,material,plumbing,ea,82.20,68.50,percent,20,0.10,,,
MAT-PLUM-GAS-COOKTOP-17,Gas cooktop conn.,Reconnect gas cooktop with new flex and isolation valve certification,primitive,material,plumbing,ea,86.40,72.00,percent,20,0.10,,,
MAT-PLUM-WATER-HAMMER-18,Water hammer arrestor,Supply and install water hammer arrestor on quick closing valve line,primitive,material,plumbing,ea,19.20,16.00,percent,20,0.10,,,
MAT-PLUM-BACKFLOW-19,Backflow preventer,Supply and test backflow prevention device on mains connection,primitive,material,plumbing,ea,23.40,19.50,percent,20,0.10,,,
MAT-PLUM-TMV-20,TMV mixing valve,Supply and install thermostatic mixing valve for scald protection,primitive,material,plumbing,ea,27.60,23.00,percent,20,0.10,,,
MAT-PLAS-GYP-10-01,Gyprock 10mm sheet,Supply 10mm plasterboard sheet 2400×1200 for wall or ceiling lining,primitive,material,plastering,ea,21.60,18.00,percent,20,0.10,,,
MAT-PLAS-GYP-13-02,Gyprock 13mm sheet,Supply 13mm plasterboard sheet for wet area or fire rating,primitive,material,plastering,ea,25.80,21.50,percent,20,0.10,,,
MAT-PLAS-GYP-MR-03,Moisture resistant board,Supply moisture resistant plasterboard for bathroom and laundry,primitive,material,plastering,ea,30.00,25.00,percent,20,0.10,,,
MAT-PLAS-GYP-FR-04,Fire rated board,Supply fire rated plasterboard to specified FRL requirement,primitive,material,plastering,ea,34.20,28.50,percent,20,0.10,,,
MAT-PLAS-CORNER-BEAD-05,Metal corner bead,Supply and fix metal corner bead to external plasterboard angles,primitive,material,plastering,ea,38.40,32.00,percent,20,0.10,,,
MAT-PLAS-STOP-BEAD-06,Stop bead,Supply and fix stop bead at plasterboard termination junctions,primitive,material,plastering,ea,42.60,35.50,percent,20,0.10,,,
MAT-PLAS-JOINT-CMP-07,Joint compound,Supply pre-mixed joint compound for taping and finishing coats,primitive,material,plastering,ea,46.80,39.00,percent,20,0.10,,,
MAT-PLAS-PAPER-TAPE-08,Paper joint tape,Supply paper tape for plasterboard joint treatment,primitive,material,plastering,ea,51.00,42.50,percent,20,0.10,,,
MAT-PLAS-INSULATION-BAT-09,Ceiling insulation bat,Supply and install ceiling insulation batts to required R-value,primitive,material,plastering,ea,55.20,46.00,percent,20,0.10,,,
MAT-PLAS-INSULATION-WALL-10,Wall insulation bat,Supply and install wall cavity insulation batts,primitive,material,plastering,ea,59.40,49.50,percent,20,0.10,,,
MAT-PLAS-SUSP-CEIL-11,Suspended ceiling grid,Supply suspended ceiling grid components per square metre,primitive,material,plastering,ea,63.60,53.00,percent,20,0.10,,,
MAT-PLAS-CEIL-TILE-12,Ceiling tile,Supply acoustic ceiling tile to match existing grid system,primitive,material,plastering,ea,67.80,56.50,percent,20,0.10,,,
MAT-PLAS-RENDER-BAG-13,Render mix bag,Supply bagged cement render for patch repairs to masonry,primitive,material,plastering,ea,72.00,60.00,percent,20,0.10,,,
MAT-PLAS-TEXT-COAT-14,Texture coat compound,Supply texture coat for stipple or orange peel finish match,primitive,material,plastering,ea,76.20,63.50,percent,20,0.10,,,
MAT-PLAS-TIMBER-BAT-15,Ceiling batten,Supply timber ceiling battens for strap and line set down,primitive,material,plastering,ea,80.40,67.00,percent,20,0.10,,,
MAT-CARP-TIMBER-90-01,90×45 framing timber,Supply 90×45 MGP10 framing timber per metre for wall framing,primitive,material,carpentry,ea,20.40,17.00,percent,20,0.10,,,
MAT-CARP-TIMBER-70-02,70×35 battens,Supply 70×35 battens per metre for ceiling or cladding fixings,primitive,material,carpentry,ea,24.60,20.50,percent,20,0.10,,,
MAT-CARP-TIMBER-140-03,140×45 floor joist,Supply 140×45 floor joist timber per metre for floor repair,primitive,material,carpentry,ea,28.80,24.00,percent,20,0.10,,,
MAT-CARP-PLY-12-04,12mm structural ply,Supply 12mm structural plywood sheet for subfloor or bracing,primitive,material,carpentry,ea,33.00,27.50,percent,20,0.10,,,
MAT-CARP-PLY-17-05,17mm flooring ply,Supply 17mm flooring grade plywood for tile or vinyl substrate,primitive,material,carpentry,ea,37.20,31.00,percent,20,0.10,,,
MAT-CARP-SKIR-MDF-06,MDF skirting,Supply primed MDF skirting profile per linear metre,primitive,material,carpentry,ea,41.40,34.50,percent,20,0.10,,,
MAT-CARP-SKIR-TIM-07,Timber skirting,Supply timber skirting profile per linear metre to match existing,primitive,material,carpentry,ea,45.60,38.00,percent,20,0.10,,,
MAT-CARP-ARCHITRAVE-08,Timber architrave,Supply timber architrave per linear metre to match existing profile,primitive,material,carpentry,ea,49.80,41.50,percent,20,0.10,,,
MAT-CARP-DOOR-JAMB-09,Door jamb set,Supply and install pre-hung door jamb set to standard opening,primitive,material,carpentry,ea,54.00,45.00,percent,20,0.10,,,
MAT-CARP-DOOR-BED-10,Internal hollow core door,Supply hollow core internal door slab to standard size,primitive,material,carpentry,ea,58.20,48.50,percent,20,0.10,,,
MAT-CARP-DOOR-SOL-11,Solid core door,Supply solid core internal door slab for acoustic or fire separation,primitive,material,carpentry,ea,62.40,52.00,percent,20,0.10,,,
MAT-CARP-LOCKSET-12,Entrance lockset,Supply and install entrance lockset with keyed cylinder,primitive,material,carpentry,ea,66.60,55.50,percent,20,0.10,,,
MAT-CARP-HET-PASS-13,Privacy lockset,Supply and install privacy set for bathroom or bedroom door,primitive,material,carpentry,ea,70.80,59.00,percent,20,0.10,,,
MAT-CARP-HINGE-PAIR-14,Door hinge pair,Supply and install ball bearing door hinge pair,primitive,material,carpentry,ea,75.00,62.50,percent,20,0.10,,,
MAT-CARP-CAB-SHELF-15,Adjustable shelf,Supply and install adjustable shelf and supports in cupboard,primitive,material,carpentry,ea,79.20,66.00,percent,20,0.10,,,
MAT-CARP-KICK-BOARD-16,Kitchen kickboard,Supply and install kitchen kickboard panel to match cabinetry,primitive,material,carpentry,ea,83.40,69.50,percent,20,0.10,,,
MAT-CARP-BENCH-TOP-17,Laminate benchtop,Supply and install laminate benchtop with masonite substrate per lm,primitive,material,carpentry,ea,87.60,73.00,percent,20,0.10,,,
MAT-CARP-CAB-HINGE-18,Soft close hinge,Supply and install soft close cabinet hinge pair,primitive,material,carpentry,ea,20.40,17.00,percent,20,0.10,,,
MAT-CARP-DRAW-RUNNER-19,Drawer runner set,Supply and install ball bearing drawer runner set,primitive,material,carpentry,ea,24.60,20.50,percent,20,0.10,,,
MAT-CARP-DECK-BRD-20,Decking board,Supply hardwood or composite decking board per linear metre,primitive,material,carpentry,ea,28.80,24.00,percent,20,0.10,,,
MAT-GENE-PAINT-INT-01,Interior paint litre,Supply premium interior low sheen paint per litre including tint,primitive,material,general,ea,18.00,15.00,percent,20,0.10,,,
MAT-GENE-PAINT-EXT-02,Exterior paint litre,Supply exterior acrylic paint per litre including UV resistant tint,primitive,material,general,ea,22.20,18.50,percent,20,0.10,,,
MAT-GENE-PAINT-PRIM-03,Primer sealer litre,Supply stain blocking primer sealer per litre for repair preparation,primitive,material,general,ea,26.40,22.00,percent,20,0.10,,,
MAT-GENE-PAINT-UNDR-04,Undercoat litre,Supply undercoat per litre for timber and metal preparation,primitive,material,general,ea,30.60,25.50,percent,20,0.10,,,
MAT-GENE-FILL-GAP-05,Gap filler tube,Supply paintable gap filler cartridge for internal joints,primitive,material,general,ea,34.80,29.00,percent,20,0.10,,,
MAT-GENE-SAND-PAPER-06,Sandpaper pack,Supply assorted grit sandpaper for preparation and finishing,primitive,material,general,ea,39.00,32.50,percent,20,0.10,,,
MAT-GENE-DROP-SHEET-07,Canvas drop sheet,Supply canvas drop sheet for floor and furniture protection,primitive,material,general,ea,43.20,36.00,percent,20,0.10,,,
MAT-GENE-MASQ-TAPE-08,Masking tape roll,Supply low tack masking tape for paint masking,primitive,material,general,ea,47.40,39.50,percent,20,0.10,,,
MAT-GENE-TILE-CER-09,Ceramic floor tile,Supply ceramic floor tile per square metre allowance for wastage,primitive,material,general,ea,51.60,43.00,percent,20,0.10,,,
MAT-GENE-TILE-POR-10,Porcelain wall tile,Supply porcelain wall tile per square metre for wet areas,primitive,material,general,ea,55.80,46.50,percent,20,0.10,,,
MAT-GENE-TILE-ADH-11,Tile adhesive bag,Supply flexible tile adhesive bag for floor or wall installation,primitive,material,general,ea,60.00,50.00,percent,20,0.10,,,
MAT-GENE-GROUT-BAG-12,Tile grout bag,Supply colour matched tile grout for joint finishing,primitive,material,general,ea,64.20,53.50,percent,20,0.10,,,
MAT-GENE-VINYL-PLK-13,Vinyl plank,Supply luxury vinyl plank flooring per square metre,primitive,material,general,ea,68.40,57.00,percent,20,0.10,,,
MAT-GENE-CARPET-14,Carpet supply,Supply residential carpet per square metre including underlay allowance,primitive,material,general,ea,72.60,60.50,percent,20,0.10,,,
MAT-GENE-UNDERLAY-15,Carpet underlay,Supply carpet underlay per square metre,primitive,material,general,ea,76.80,64.00,percent,20,0.10,,,
MAT-GENE-ROOF-TILE-16,Concrete roof tile,Supply concrete roof tile to match existing profile,primitive,material,general,ea,81.00,67.50,percent,20,0.10,,,
MAT-GENE-ROOF-BED-17,Roof bedding compound,Supply roof bedding mortar for ridge and hip repointing,primitive,material,general,ea,85.20,71.00,percent,20,0.10,,,
MAT-GENE-ROOF-PTG-18,Roof pointing compound,Supply flexible roof pointing compound for ridge capping,primitive,material,general,ea,18.00,15.00,percent,20,0.10,,,
MAT-GENE-GUTTER-QUAD-19,Quad gutter,Supply quad profile colorbond gutter per linear metre,primitive,material,general,ea,22.20,18.50,percent,20,0.10,,,
MAT-GENE-DOWNPIPE-20,Downpipe section,Supply colorbond downpipe per linear metre with brackets,primitive,material,general,ea,26.40,22.00,percent,20,0.10,,,
MAT-GENE-FASCIA-21,Fascia board,Supply primed fascia board per linear metre,primitive,material,general,ea,30.60,25.50,percent,20,0.10,,,
MAT-GENE-BARGE-22,Barge board,Supply barge board per linear metre to match roof line,primitive,material,general,ea,34.80,29.00,percent,20,0.10,,,
MAT-GENE-FENCE-PAL-23,Paling fence panel,Supply treated pine paling fence per linear metre,primitive,material,general,ea,39.00,32.50,percent,20,0.10,,,
MAT-GENE-GATE-SGL-24,Side gate,Supply and hang side gate in timber or metal to match fence,primitive,material,general,ea,43.20,36.00,percent,20,0.10,,,
MAT-GENE-CONCRETE-M3-25,Concrete supply,Supply 25 MPa concrete per cubic metre for path or slab repair,primitive,material,general,ea,47.40,39.50,percent,20,0.10,,,
MAT-GENE-REO-MESH-26,Reinforcing mesh sheet,Supply SL72 reinforcing mesh sheet for slab repair,primitive,material,general,ea,51.60,43.00,percent,20,0.10,,,
MAT-GENE-BRICK-STD-27,Standard brick,Supply standard clay brick per unit for patch masonry,primitive,material,general,ea,55.80,46.50,percent,20,0.10,,,
MAT-GENE-MORTAR-BAG-28,Mortar mix bag,Supply bricklaying mortar mix bag for repair work,primitive,material,general,ea,60.00,50.00,percent,20,0.10,,,
MAT-GENE-ASB-SHEET-29,FC sheeting,Supply fibre cement sheet for external cladding repair,primitive,material,general,ea,64.20,53.50,percent,20,0.10,,,
MAT-GENE-MEMBRANE-30,Building wrap,Supply breathable building wrap per square metre,primitive,material,general,ea,68.40,57.00,percent,20,0.10,,,
MAT-GENE-HVAC-FILTER-31,Return air filter,Supply and replace return air grille filter after dust remediation,primitive,material,general,ea,72.60,60.50,percent,20,0.10,,,
MAT-GENE-CLEAN-SOL-32,Cleaning solution,Supply antimicrobial cleaning solution for mould wash down,primitive,material,general,ea,76.80,64.00,percent,20,0.10,,,
MAT-GENE-MOULD-TRT-33,Mould treatment,Supply mould treatment chemical for affected porous surfaces,primitive,material,general,ea,81.00,67.50,percent,20,0.10,,,
MAT-GENE-HEPA-FILTER-34,HEPA filter cartridge,Supply HEPA filter cartridge for air scrubber during remediation,primitive,material,general,ea,85.20,71.00,percent,20,0.10,,,
MAT-GENE-ASB-TEST-35,Asbestos sample test,Supply NATA laboratory asbestos sample testing fee per sample,primitive,material,general,ea,18.00,15.00,percent,20,0.10,,,
MAT-GENE-SKIP-4M-36,4m skip bin,Supply 4 cubic metre skip bin including delivery and collection,primitive,material,general,ea,22.20,18.50,percent,20,0.10,,,
MAT-GENE-SKIP-6M-37,6m skip bin,Supply 6 cubic metre skip bin including delivery and collection,primitive,material,general,ea,26.40,22.00,percent,20,0.10,,,
MAT-GENE-POLY-SHEET-38,Polyethylene sheet,Supply 200 micron poly sheet per square metre for containment,primitive,material,general,ea,30.60,25.50,percent,20,0.10,,,
MAT-GENE-TAPE-ZONE-39,Contamination tape,Supply hazard tape for containment zone demarcation,primitive,material,general,ea,34.80,29.00,percent,20,0.10,,,
MAT-GENE-TEMP-FENCE-40,Temporary fence panel,Supply temporary fence panel hire per day for site safety,primitive,material,general,ea,39.00,32.50,percent,20,0.10,,,
MAT-GENE-TEMP-TOIL-41,Portable toilet hire,Supply portable toilet hire per week on active site,primitive,material,general,ea,43.20,36.00,percent,20,0.10,,,
MAT-GENE-SITE-SIGN-42,Site safety signage,Supply site safety and warning signage pack for active works,primitive,material,general,ea,47.40,39.50,percent,20,0.10,,,
MAT-GENE-FIRST-AID-43,First aid kit,Supply compliant site first aid kit for duration of works,primitive,material,general,ea,51.60,43.00,percent,20,0.10,,,
LAB-ELE-01,Install power outlet (per hr),Labour to install and test general purpose outlet on existing circuit,primitive,labour,electrical,hr,114.00,95.00,percent,20,0.10,,,
LAB-ELE-02,Install light switch (per hr),Labour to install and test light switch including termination,primitive,labour,electrical,hr,116.40,97.00,percent,20,0.10,,,
LAB-ELE-03,Cut-in downlight (per hr),"Labour to cut ceiling, install downlight and connect to circuit",primitive,labour,electrical,hr,118.80,99.00,percent,20,0.10,,,
LAB-ELE-04,Switchboard labour (per hr),Labour to replace switchboard chassis and reconnect circuits,primitive,labour,electrical,hr,121.20,101.00,percent,20,0.10,,,
LAB-ELE-05,Electrical fault find (per hr),Labour to diagnose and locate electrical fault on domestic installation,primitive,labour,electrical,hr,123.60,103.00,percent,20,0.10,,,
LAB-ELE-06,Test smoke alarms (per hr),Labour to test and certify interconnected smoke alarm system,primitive,labour,electrical,hr,114.00,95.00,percent,20,0.10,,,
LAB-ELE-07,Cable pull labour (per hr),Labour to pull and clip cable through wall or ceiling cavity,primitive,labour,electrical,hr,116.40,97.00,percent,20,0.10,,,
LAB-ELE-08,Install exhaust fan (per hr),Labour to install exhaust fan and duct to external discharge,primitive,labour,electrical,hr,118.80,99.00,percent,20,0.10,,,
LAB-ELE-09,Reconnect HWS (per hr),Labour to disconnect and reconnect hot water service electrical supply,primitive,labour,electrical,hr,121.20,101.00,percent,20,0.10,,,
LAB-ELE-10,Electrical compliance test (per hr),Labour to perform compliance testing and issue certificate,primitive,labour,electrical,hr,123.60,103.00,percent,20,0.10,,,
LAB-PLU-01,Replace tapware (per hr),"Labour to isolate, remove and install basin or sink tapware",primitive,labour,plumbing,hr,110.40,92.00,percent,20,0.10,,,
LAB-PLU-02,Replace toilet suite (per hr),Labour to remove existing and install new toilet suite,primitive,labour,plumbing,hr,112.80,94.00,percent,20,0.10,,,
LAB-PLU-03,Repair water leak (per hr),Labour to locate and repair pressurised water leak,primitive,labour,plumbing,hr,115.20,96.00,percent,20,0.10,,,
LAB-PLU-04,Clear blocked drain (per hr),Labour and hand tools to clear blocked fixture drain line,primitive,labour,plumbing,hr,117.60,98.00,percent,20,0.10,,,
LAB-PLU-05,Repair burst pipe (per hr),Labour to repair or splice burst water or waste pipe in accessible location,primitive,labour,plumbing,hr,120.00,100.00,percent,20,0.10,,,
LAB-PLU-06,Install HWS (per hr),Labour to position and connect storage hot water service,primitive,labour,plumbing,hr,110.40,92.00,percent,20,0.10,,,
LAB-PLU-07,Install shower (per hr),Labour to install shower screen valves and test for leaks,primitive,labour,plumbing,hr,112.80,94.00,percent,20,0.10,,,
LAB-PLU-08,Plumbing rough-in (per hr),Labour for rough-in water and waste pipework to wet area,primitive,labour,plumbing,hr,115.20,96.00,percent,20,0.10,,,
LAB-PLU-09,Plumbing fit-off (per hr),Labour for final fit-off of fixtures and appliances in wet area,primitive,labour,plumbing,hr,117.60,98.00,percent,20,0.10,,,
LAB-PLU-10,Drain camera inspect (per hr),Labour to perform CCTV inspection of sewer line and report findings,primitive,labour,plumbing,hr,120.00,100.00,percent,20,0.10,,,
LAB-PLS-01,Fix plasterboard (per hr),Labour to measure cut and fix plasterboard sheets to framing,primitive,labour,plastering,hr,93.60,78.00,percent,20,0.10,,,
LAB-PLS-02,Set plaster joints (per hr),Labour to tape and three coat set plasterboard joints,primitive,labour,plastering,hr,96.00,80.00,percent,20,0.10,,,
LAB-PLS-03,Sand plaster finish (per hr),Labour to sand plasterboard joints to smooth paint ready finish,primitive,labour,plastering,hr,98.40,82.00,percent,20,0.10,,,
LAB-PLS-04,Patch plaster repair (per hr),Labour to patch repair damaged plasterboard to blend with existing,primitive,labour,plastering,hr,100.80,84.00,percent,20,0.10,,,
LAB-PLS-05,Ceiling set down (per hr),Labour to strap and line set down ceiling after water damage,primitive,labour,plastering,hr,103.20,86.00,percent,20,0.10,,,
LAB-PLS-06,Install cornice (per hr),Labour to install plaster cornice to wall and ceiling junction,primitive,labour,plastering,hr,93.60,78.00,percent,20,0.10,,,
LAB-PLS-07,Render patch repair (per hr),Labour to patch repair external render to match texture,primitive,labour,plastering,hr,96.00,80.00,percent,20,0.10,,,
LAB-PLS-08,Install insulation (per hr),Labour to install ceiling or wall insulation batts,primitive,labour,plastering,hr,98.40,82.00,percent,20,0.10,,,
LAB-PLS-09,Match stipple texture (per hr),Labour to replicate stipple or texture finish on patched area,primitive,labour,plastering,hr,100.80,84.00,percent,20,0.10,,,
LAB-PLS-10,Vacuum sanding (per hr),Labour for dust controlled vacuum sanding in occupied premises,primitive,labour,plastering,hr,103.20,86.00,percent,20,0.10,,,
LAB-CAR-01,Frame internal wall (per hr),Labour to construct internal stud wall frame to plan,primitive,labour,carpentry,hr,102.00,85.00,percent,20,0.10,,,
LAB-CAR-02,Hang internal door (per hr),Labour to hang and adjust internal door in existing jamb,primitive,labour,carpentry,hr,104.40,87.00,percent,20,0.10,,,
LAB-CAR-03,Install skirting (per hr),Labour to measure cut and fix skirting boards,primitive,labour,carpentry,hr,106.80,89.00,percent,20,0.10,,,
LAB-CAR-04,Install architrave (per hr),Labour to install architrave around door openings,primitive,labour,carpentry,hr,109.20,91.00,percent,20,0.10,,,
LAB-CAR-05,Repair floor structure (per hr),Labour to splice or sister floor joists and replace damaged bearer,primitive,labour,carpentry,hr,111.60,93.00,percent,20,0.10,,,
LAB-CAR-06,Repair decking (per hr),Labour to replace damaged decking boards and fixings,primitive,labour,carpentry,hr,102.00,85.00,percent,20,0.10,,,
LAB-CAR-07,Install cabinetry (per hr),Labour to install base or wall cabinet and align doors,primitive,labour,carpentry,hr,104.40,87.00,percent,20,0.10,,,
LAB-CAR-08,Change door locks (per hr),Labour to replace locksets and rekey to new combination,primitive,labour,carpentry,hr,106.80,89.00,percent,20,0.10,,,
LAB-CAR-09,Install window lining (per hr),Labour to install internal window architrave and sill lining,primitive,labour,carpentry,hr,109.20,91.00,percent,20,0.10,,,
LAB-CAR-10,Repair stair tread (per hr),Labour to replace damaged stair tread and nosing,primitive,labour,carpentry,hr,111.60,93.00,percent,20,0.10,,,
LAB-GEN-01,Make safe attendance (per hr),Labour for emergency make safe attendance including temporary propping,primitive,labour,general,hr,86.40,72.00,percent,20,0.10,,,
LAB-GEN-02,Strip out wet area (per hr),Labour to strip out wet area fixtures linings and dispose off site,primitive,labour,general,hr,88.80,74.00,percent,20,0.10,,,
LAB-GEN-03,Demo strip out (per hr),Labour to demolish and remove damaged linings and fittings,primitive,labour,general,hr,91.20,76.00,percent,20,0.10,,,
LAB-GEN-04,Manual rubbish removal (per hr),Labour to collect and load debris for disposal,primitive,labour,general,hr,93.60,78.00,percent,20,0.10,,,
LAB-GEN-05,Final builders clean (per hr),Labour for final builders clean prior to handover,primitive,labour,general,hr,96.00,80.00,percent,20,0.10,,,
LAB-GEN-06,Prepare for painting (per hr),Labour to wash fill sand and mask surfaces for painting,primitive,labour,general,hr,86.40,72.00,percent,20,0.10,,,
LAB-GEN-07,Apply paint coats (per hr),Labour to apply two coats paint to walls or ceilings,primitive,labour,general,hr,88.80,74.00,percent,20,0.10,,,
LAB-GEN-08,Lay floor tiles (per hr),Labour to lay floor tiles including cutting and grouting,primitive,labour,general,hr,91.20,76.00,percent,20,0.10,,,
LAB-GEN-09,Lay carpet (per hr),Labour to lay carpet including trim and stretch to gripper,primitive,labour,general,hr,93.60,78.00,percent,20,0.10,,,
LAB-GEN-10,Roof repair labour (per hr),Labour to replace broken tiles and rebed ridge capping,primitive,labour,general,hr,96.00,80.00,percent,20,0.10,,,
LAB-GEN-11,Fence repair labour (per hr),Labour to replace fence palings rails and posts,primitive,labour,general,hr,86.40,72.00,percent,20,0.10,,,
LAB-GEN-12,Patch concrete (per hr),Labour to form and finish concrete patch repair to path or slab,primitive,labour,general,hr,88.80,74.00,percent,20,0.10,,,
LAB-GEN-13,Mould remediation clean (per hr),Labour for HEPA vacuum and antimicrobial wash of mould affected surfaces,primitive,labour,general,hr,91.20,76.00,percent,20,0.10,,,
LAB-GEN-14,Build containment (per hr),Labour to erect poly containment and negative air enclosure,primitive,labour,general,hr,93.60,78.00,percent,20,0.10,,,
LAB-GEN-15,Site supervision (per hr),Labour for on-site supervision and coordination of repair trades,primitive,labour,general,hr,96.00,80.00,percent,20,0.10,,,
LAB-GEN-16,Travel allowance (per hr),Travel time allowance to regional insurance repair site,primitive,labour,general,hr,86.40,72.00,percent,20,0.10,,,
EQ-SCAFF-1,Scaffold hire,Hire mobile aluminium scaffold tower per day for internal access works,primitive,equipment,general,ea,102.00,85.00,percent,20,0.10,,,
EQ-SCAFF-2,Scaffold erection,Erect and dismantle fixed scaffold per day for external access,primitive,equipment,general,ea,384.00,320.00,percent,20,0.10,,,
EQ-LADDER,Platform ladder hire,Hire platform ladder per day for ceiling and roof access,primitive,equipment,general,ea,54.00,45.00,percent,20,0.10,,,
EQ-PAINT-SPR,Airless sprayer hire,Hire airless paint sprayer per day including tip and hose,primitive,equipment,general,ea,114.00,95.00,percent,20,0.10,,,
EQ-DEHUM,Dehumidifier hire,Hire commercial dehumidifier per day for drying water damaged building,primitive,equipment,general,ea,90.00,75.00,percent,20,0.10,,,
EQ-AIR-SCRUB,Air scrubber hire,Hire HEPA air scrubber per day for dust and mould remediation,primitive,equipment,general,ea,132.00,110.00,percent,20,0.10,,,
EQ-FAN,Axial fan hire,Hire axial fan per day for drying and ventilation during repairs,primitive,equipment,general,ea,66.00,55.00,percent,20,0.10,,,
EQ-DRAIN-JET,Drain jetter hire,Hire high pressure drain jetter per day with operator allowance,primitive,equipment,plumbing,ea,336.00,280.00,percent,20,0.10,,,
EQ-CCTV,Drain camera hire,Hire drain CCTV inspection unit per day,primitive,equipment,plumbing,ea,228.00,190.00,percent,20,0.10,,,
EQ-CORE-DRILL,Core drill hire,Hire core drill unit per day for slab or wall penetrations,primitive,equipment,general,ea,78.00,65.00,percent,20,0.10,,,
EQ-FLOOR-SAND,Floor sander hire,Hire drum floor sander per day for timber floor restoration,primitive,equipment,carpentry,ea,144.00,120.00,percent,20,0.10,,,
EQ-CONCRETE-CUT,Concrete cutter hire,Hire concrete cut off saw per day for patch breakout,primitive,equipment,general,ea,96.00,80.00,percent,20,0.10,,,
EQ-LIFT-1,Material lift hire,Hire material hoist per day for multi-storey material handling,primitive,equipment,general,ea,180.00,150.00,percent,20,0.10,,,
EQ-GEN-1,Generator hire 2kVA,Hire 2kVA portable generator per day for temporary power,primitive,equipment,electrical,ea,84.00,70.00,percent,20,0.10,,,
EQ-GEN-2,Generator hire 6kVA,Hire 6kVA portable generator per day for tools and temporary supply,primitive,equipment,electrical,ea,156.00,130.00,percent,20,0.10,,,
EQ-LIGHT-TOWER,Light tower hire,Hire portable light tower per day for after hours make safe,primitive,equipment,general,ea,114.00,95.00,percent,20,0.10,,,
EQ-HEPA-VAC,HEPA vacuum hire,Hire commercial HEPA vacuum per day for remediation works,primitive,equipment,general,ea,105.60,88.00,percent,20,0.10,,,
EQ-PUMP-SUB,Submersible pump hire,Hire submersible pump per day for flood water extraction,primitive,equipment,plumbing,ea,72.00,60.00,percent,20,0.10,,,
EQ-MOIST-MTR,Moisture meter hire,Hire moisture meter per day for drying verification readings,primitive,equipment,general,ea,42.00,35.00,percent,20,0.10,,,
EQ-TILE-CUT,Tile cutter hire,Hire wet tile cutter per day for floor and wall tiling works,primitive,equipment,general,ea,54.00,45.00,percent,20,0.10,,,
EQ-PLASTER-BOOM,Plasterboard lift,Hire plasterboard panel lift per day for ceiling sheet install,primitive,equipment,plastering,ea,90.00,75.00,percent,20,0.10,,,
EQ-NAIL-GUN,Framing nailer hire,Hire compressed air framing nailer per day for rebuild framing,primitive,equipment,carpentry,ea,66.00,55.00,percent,20,0.10,,,
EQ-COMPRESSOR,Air compressor hire,Hire portable air compressor per day to run pneumatic tools,primitive,equipment,general,ea,60.00,50.00,percent,20,0.10,,,
EQ-ROOF-HAR,Roof harness kit,Hire roof safety harness and anchor kit per day,primitive,equipment,general,ea,48.00,40.00,percent,20,0.10,,,
EQ-EXC-MINI,Mini excavator hire,Hire mini excavator per day for footing or drainage excavation,primitive,equipment,general,ea,540.00,450.00,percent,20,0.10,,,
VND-ASB-REMOVAL,Asbestos removal,Subcontract licensed asbestos removal including clearance certificate,primitive,vendor,general,ea,3360.00,2800.00,percent,20,0.10,,,
VND-ASB-FRIABLE,Friable asbestos removal,Subcontract friable asbestos removal with full enclosure and air monitoring,primitive,vendor,general,ea,7800.00,6500.00,percent,20,0.10,,,
VND-ROOF-REP,Roof plumbing subcontract,Subcontract roof plumber to replace valley irons and flashings,primitive,vendor,general,ea,2220.00,1850.00,percent,20,0.10,,,
VND-ROOF-METAL,Metal roof replacement,Subcontract colorbond roof sheet replacement to matched profile,primitive,vendor,general,ea,5040.00,4200.00,percent,20,0.10,,,
VND-GLAZ-1,Glazier single window,Subcontract glazier to supply and install single aluminium window unit,primitive,vendor,carpentry,ea,816.00,680.00,percent,20,0.10,,,
VND-GLAZ-2,Glazed sliding door,Subcontract supply and install aluminium sliding door with safety glass,primitive,vendor,carpentry,ea,1740.00,1450.00,percent,20,0.10,,,
VND-SPRINKLER,Fire sprinkler repair,Subcontract fire sprinkler fitter to repair damaged head and pipework,primitive,vendor,plumbing,ea,1104.00,920.00,percent,20,0.10,,,
VND-SECURITY,Security system repair,Subcontract security technician to replace panel and sensors,primitive,vendor,electrical,ea,936.00,780.00,percent,20,0.10,,,
VND-POOL-FENCE,Pool fence compliance,Subcontract pool fence supply and install to compliance standard,primitive,vendor,general,ea,2640.00,2200.00,percent,20,0.10,,,
VND-TERMITE,Termite treatment,Subcontract termite barrier treatment to affected subfloor zone,primitive,vendor,general,ea,1980.00,1650.00,percent,20,0.10,,,
VND-ENGINEER,Engineer inspection,Subcontract structural engineer site inspection and written report,primitive,vendor,general,ea,1068.00,890.00,percent,20,0.10,,,
VND-SURVEY,Surveyor set out,Subcontract surveyor set out for boundary or building alignment,primitive,vendor,general,ea,900.00,750.00,percent,20,0.10,,,
VND-HYDRO,Hydro excavation,Subcontract non destructive hydro excavation near services,primitive,vendor,plumbing,ea,1440.00,1200.00,percent,20,0.10,,,
VND-STEEL-FAB,Steel fabricator,Subcontract steel fabricator for lintel or bearer replacement,primitive,vendor,carpentry,ea,1176.00,980.00,percent,20,0.10,,,
VND-KITCH-FAB,Kitchen manufacturer,Subcontract kitchen manufacturer supply flat pack or custom cabinets,primitive,vendor,carpentry,ea,6720.00,5600.00,percent,20,0.10,,,
VND-STONE-BENCH,Stone benchtop,Subcontract stone benchtop template supply and install,primitive,vendor,carpentry,ea,3840.00,3200.00,percent,20,0.10,,,
VND-SOLAR-DIS,Solar disconnect,Subcontract electrician to isolate and reconnect rooftop solar system,primitive,vendor,electrical,ea,780.00,650.00,percent,20,0.10,,,
VND-EVAP-AC,Evaporative AC service,Subcontract service and repair evaporative air conditioning unit,primitive,vendor,general,ea,576.00,480.00,percent,20,0.10,,,
VND-SPLIT-AC,Split system AC,Subcontract supply and install split system air conditioner,primitive,vendor,general,ea,2520.00,2100.00,percent,20,0.10,,,
VND-FLOOD-REST,Flood restoration co,Subcontract flood restoration company initial extraction and dry out,primitive,vendor,general,ea,2280.00,1900.00,percent,20,0.10,,,
VND-MOULD-CERT,Mould clearance test,Subcontract independent mould clearance sampling and laboratory report,primitive,vendor,general,ea,504.00,420.00,percent,20,0.10,,,
VND-ARBORIST,Arborist tree work,Subcontract arborist to remove tree damaging structure,primitive,vendor,general,ea,1320.00,1100.00,percent,20,0.10,,,
VND-PIER-REP,Underpinning contractor,Subcontract underpinning or pier replacement to stabilise footing,primitive,vendor,general,ea,10200.00,8500.00,percent,20,0.10,,,
VND-FENC-COLOR,Colorbond fencing,Subcontract colorbond boundary fencing per linear metre supply and install,primitive,vendor,general,ea,288.00,240.00,percent,20,0.10,,,
VND-DRIVE-REP,Driveway specialist,Subcontract driveway repair including cut out and reinstatement,primitive,vendor,general,ea,3840.00,3200.00,percent,20,0.10,,,
VND-ALARM-MON,Alarm monitoring,Subcontract alarm monitoring reconnection fee for restored premises,primitive,vendor,electrical,ea,216.00,180.00,percent,20,0.10,,,
VND-LOCKSMITH,Locksmith rekey,Subcontract locksmith to rekey all external doors after damage,primitive,vendor,carpentry,ea,384.00,320.00,percent,20,0.10,,,
VND-CLEAN-DEEP,Specialist deep clean,Subcontract specialist deep clean after fire or sewage contamination,primitive,vendor,general,ea,816.00,680.00,percent,20,0.10,,,
VND-PEST-TREAT,Pest treatment,Subcontract pest controller treatment after rodent or insect damage,primitive,vendor,general,ea,348.00,290.00,percent,20,0.10,,,
VND-INSULATION-BLOW,Blown insulation,Subcontract blown insulation installer to required ceiling R-value,primitive,vendor,plastering,ea,16.80,14.00,percent,20,0.10,,,
OTH-BLD-PERM,Building permit fee,Council building permit fee allowance for repair works,primitive,other,general,ea,540.00,450.00,percent,20,0.10,,,
OTH-PLM-PERM,Plumbing permit fee,Plumbing compliance certificate and permit fee allowance,primitive,other,general,ea,216.00,180.00,percent,20,0.10,,,
OTH-ELE-COC,Electrical CoC fee,Electrical certificate of compliance and inspection fee allowance,primitive,other,general,ea,264.00,220.00,percent,20,0.10,,,
OTH-WASTE-TIP,Landfill gate fee,Landfill gate fee allowance per tonne for mixed construction waste,primitive,other,general,ea,114.00,95.00,percent,20,0.10,,,
OTH-ENV-FEE,Environmental levy,Environmental levy on waste disposal for insurance repair debris,primitive,other,general,ea,42.00,35.00,percent,20,0.10,,,
OTH-PC-ITEM,PC item allowance,Prime cost allowance item for owner selected fixture not yet specified,primitive,other,general,ea,600.00,500.00,percent,20,0.10,,,
OTH-PS-ITEM,Provisional sum,Provisional sum allowance for unforeseen repair scope discovered on site,primitive,other,general,ea,1800.00,1500.00,percent,20,0.10,,,
OTH-INS-EXCESS,Policy excess admin,Administrative handling of policy excess for insured repair claim,primitive,other,general,ea,60.00,50.00,percent,20,0.10,,,
OTH-QUOTE-VISIT,Quote site visit,Allowance for initial site inspection and scope documentation visit,primitive,other,general,ea,144.00,120.00,percent,20,0.10,,,
OTH-PHOTO-DOC,Photo documentation,Allowance for photographic condition documentation for insurer report,primitive,other,general,ea,102.00,85.00,percent,20,0.10,,,
OTH-AFTER-HRS,After hours call out,After hours emergency call out fee for make safe attendance,primitive,other,general,ea,336.00,280.00,percent,20,0.10,,,
OTH-WEEKEND,Weekend loading,Weekend labour loading allowance on approved restoration works,primitive,other,general,ea,60.00,50.00,percent,20,0.10,,,
OTH-REMOTE,Remote location load,Remote location loading allowance for travel zone repairs,primitive,other,general,ea,420.00,350.00,percent,20,0.10,,,
OTH-STORE-HIRE,Storage pod hire,Storage pod hire per month for contents during building repairs,primitive,other,general,ea,384.00,320.00,percent,20,0.10,,,
OTH-CONTENTS-MOVE,Contents pack out,Allowance for contents pack out and inventory for storage,primitive,other,general,ea,816.00,680.00,percent,20,0.10,,,
OTH-CONTENTS-IN,Contents pack in,Allowance for contents pack back after repairs complete,primitive,other,general,ea,816.00,680.00,percent,20,0.10,,,
OTH-TEMP-KITCH,Temporary kitchen,Hire temporary kitchen pod during kitchen restoration works,primitive,other,general,ea,1068.00,890.00,percent,20,0.10,,,
OTH-TEMP-BATH,Temporary bathroom,Hire temporary bathroom pod during wet area restoration,primitive,other,general,ea,1140.00,950.00,percent,20,0.10,,,
OTH-SECURITY-BOARD,Security board up,Supply and install security board up to openings after break-in damage,primitive,other,general,ea,504.00,420.00,percent,20,0.10,,,
OTH-TARP-ROOF,Emergency roof tarp,Supply and secure heavy duty tarpaulin over damaged roof area,primitive,other,general,ea,456.00,380.00,percent,20,0.10,,,
MAT-VAR-GPO-001,Power outlet variant 1,Supply and install power outlet variant to match existing wiring — item 1 for insurance repair scope scheduling,primitive,material,electrical,ea,17.04,14.20,percent,20,0.10,,,
MAT-VAR-CABLE-002,Cable run variant 2,Supply additional cable and conduit for circuit extension — item 2 for insurance repair scope scheduling,primitive,material,electrical,ea,19.68,16.40,percent,20,0.10,,,
MAT-VAR-FITTING-003,Pipe fitting variant 3,Supply brass or PVC fitting for pipe repair junction — item 3 for insurance repair scope scheduling,primitive,material,plumbing,ea,22.32,18.60,percent,20,0.10,,,
MAT-VAR-SEALANT-004,Plumbing sealant 4,Supply plumbing grade sealant and thread tape for joint completion — item 4 for insurance repair scope scheduling,primitive,material,plumbing,ea,24.96,20.80,percent,20,0.10,,,
MAT-VAR-BEAD-005,Plaster bead variant 5,Supply plaster bead or trim for junction detail — item 5 for insurance repair scope scheduling,primitive,material,plastering,ea,27.60,23.00,percent,20,0.10,,,
MAT-VAR-ADHESIVE-006,Construction adhesive 6,Supply construction adhesive for sheet or trim bonding — item 6 for insurance repair scope scheduling,primitive,material,plastering,ea,30.24,25.20,percent,20,0.10,,,
MAT-VAR-FIXINGS-007,Fixings pack 7,Supply nails screws and anchors pack for carpentry repair — item 7 for insurance repair scope scheduling,primitive,material,carpentry,ea,32.88,27.40,percent,20,0.10,,,
MAT-VAR-ADHESIVE-008,Timber adhesive 8,Supply polyurethane timber adhesive for splice joint — item 8 for insurance repair scope scheduling,primitive,material,carpentry,ea,35.52,29.60,percent,20,0.10,,,
MAT-VAR-CONSUMABLE-009,Consumable allowance 9,Supply consumable allowance for blades bits and sundries on repair job — item 9 for insurance repair scope scheduling,primitive,material,general,ea,38.16,31.80,percent,20,0.10,,,
MAT-VAR-SEAL-010,Silicone sealant 10,Supply neutral cure silicone for wet area perimeter seal — item 10 for insurance repair scope scheduling,primitive,material,general,ea,40.80,34.00,percent,20,0.10,,,
MAT-VAR-GPO-011,Power outlet variant 11,Supply and install power outlet variant to match existing wiring — item 11 for insurance repair scope scheduling,primitive,material,electrical,ea,43.44,36.20,percent,20,0.10,,,
MAT-VAR-CABLE-012,Cable run variant 12,Supply additional cable and conduit for circuit extension — item 12 for insurance repair scope scheduling,primitive,material,electrical,ea,46.08,38.40,percent,20,0.10,,,
MAT-VAR-FITTING-013,Pipe fitting variant 13,Supply brass or PVC fitting for pipe repair junction — item 13 for insurance repair scope scheduling,primitive,material,plumbing,ea,48.72,40.60,percent,20,0.10,,,
MAT-VAR-SEALANT-014,Plumbing sealant 14,Supply plumbing grade sealant and thread tape for joint completion — item 14 for insurance repair scope scheduling,primitive,material,plumbing,ea,51.36,42.80,percent,20,0.10,,,
MAT-VAR-BEAD-015,Plaster bead variant 15,Supply plaster bead or trim for junction detail — item 15 for insurance repair scope scheduling,primitive,material,plastering,ea,54.00,45.00,percent,20,0.10,,,
MAT-VAR-ADHESIVE-016,Construction adhesive 16,Supply construction adhesive for sheet or trim bonding — item 16 for insurance repair scope scheduling,primitive,material,plastering,ea,56.64,47.20,percent,20,0.10,,,
MAT-VAR-FIXINGS-017,Fixings pack 17,Supply nails screws and anchors pack for carpentry repair — item 17 for insurance repair scope scheduling,primitive,material,carpentry,ea,59.28,49.40,percent,20,0.10,,,
MAT-VAR-ADHESIVE-018,Timber adhesive 18,Supply polyurethane timber adhesive for splice joint — item 18 for insurance repair scope scheduling,primitive,material,carpentry,ea,61.92,51.60,percent,20,0.10,,,
MAT-VAR-CONSUMABLE-019,Consumable allowance 19,Supply consumable allowance for blades bits and sundries on repair job — item 19 for insurance repair scope scheduling,primitive,material,general,ea,64.56,53.80,percent,20,0.10,,,
MAT-VAR-SEAL-020,Silicone sealant 20,Supply neutral cure silicone for wet area perimeter seal — item 20 for insurance repair scope scheduling,primitive,material,general,ea,67.20,56.00,percent,20,0.10,,,
MAT-VAR-GPO-021,Power outlet variant 21,Supply and install power outlet variant to match existing wiring — item 21 for insurance repair scope scheduling,primitive,material,electrical,ea,69.84,58.20,percent,20,0.10,,,
MAT-VAR-CABLE-022,Cable run variant 22,Supply additional cable and conduit for circuit extension — item 22 for insurance repair scope scheduling,primitive,material,electrical,ea,72.48,60.40,percent,20,0.10,,,
MAT-VAR-FITTING-023,Pipe fitting variant 23,Supply brass or PVC fitting for pipe repair junction — item 23 for insurance repair scope scheduling,primitive,material,plumbing,ea,75.12,62.60,percent,20,0.10,,,
MAT-VAR-SEALANT-024,Plumbing sealant 24,Supply plumbing grade sealant and thread tape for joint completion — item 24 for insurance repair scope scheduling,primitive,material,plumbing,ea,77.76,64.80,percent,20,0.10,,,
MAT-VAR-BEAD-025,Plaster bead variant 25,Supply plaster bead or trim for junction detail — item 25 for insurance repair scope scheduling,primitive,material,plastering,ea,80.40,67.00,percent,20,0.10,,,
MAT-VAR-ADHESIVE-026,Construction adhesive 26,Supply construction adhesive for sheet or trim bonding — item 26 for insurance repair scope scheduling,primitive,material,plastering,ea,83.04,69.20,percent,20,0.10,,,
MAT-VAR-FIXINGS-027,Fixings pack 27,Supply nails screws and anchors pack for carpentry repair — item 27 for insurance repair scope scheduling,primitive,material,carpentry,ea,85.68,71.40,percent,20,0.10,,,
MAT-VAR-ADHESIVE-028,Timber adhesive 28,Supply polyurethane timber adhesive for splice joint — item 28 for insurance repair scope scheduling,primitive,material,carpentry,ea,88.32,73.60,percent,20,0.10,,,
MAT-VAR-CONSUMABLE-029,Consumable allowance 29,Supply consumable allowance for blades bits and sundries on repair job — item 29 for insurance repair scope scheduling,primitive,material,general,ea,90.96,75.80,percent,20,0.10,,,
MAT-VAR-SEAL-030,Silicone sealant 30,Supply neutral cure silicone for wet area perimeter seal — item 30 for insurance repair scope scheduling,primitive,material,general,ea,93.60,78.00,percent,20,0.10,,,
MAT-VAR-GPO-031,Power outlet variant 31,Supply and install power outlet variant to match existing wiring — item 31 for insurance repair scope scheduling,primitive,material,electrical,ea,96.24,80.20,percent,20,0.10,,,
MAT-VAR-CABLE-032,Cable run variant 32,Supply additional cable and conduit for circuit extension — item 32 for insurance repair scope scheduling,primitive,material,electrical,ea,98.88,82.40,percent,20,0.10,,,
MAT-VAR-FITTING-033,Pipe fitting variant 33,Supply brass or PVC fitting for pipe repair junction — item 33 for insurance repair scope scheduling,primitive,material,plumbing,ea,101.52,84.60,percent,20,0.10,,,
MAT-VAR-SEALANT-034,Plumbing sealant 34,Supply plumbing grade sealant and thread tape for joint completion — item 34 for insurance repair scope scheduling,primitive,material,plumbing,ea,104.16,86.80,percent,20,0.10,,,
MAT-VAR-BEAD-035,Plaster bead variant 35,Supply plaster bead or trim for junction detail — item 35 for insurance repair scope scheduling,primitive,material,plastering,ea,106.80,89.00,percent,20,0.10,,,
MAT-VAR-ADHESIVE-036,Construction adhesive 36,Supply construction adhesive for sheet or trim bonding — item 36 for insurance repair scope scheduling,primitive,material,plastering,ea,109.44,91.20,percent,20,0.10,,,
MAT-VAR-FIXINGS-037,Fixings pack 37,Supply nails screws and anchors pack for carpentry repair — item 37 for insurance repair scope scheduling,primitive,material,carpentry,ea,112.08,93.40,percent,20,0.10,,,
MAT-VAR-ADHESIVE-038,Timber adhesive 38,Supply polyurethane timber adhesive for splice joint — item 38 for insurance repair scope scheduling,primitive,material,carpentry,ea,114.72,95.60,percent,20,0.10,,,
MAT-VAR-CONSUMABLE-039,Consumable allowance 39,Supply consumable allowance for blades bits and sundries on repair job — item 39 for insurance repair scope scheduling,primitive,material,general,ea,117.36,97.80,percent,20,0.10,,,
MAT-VAR-SEAL-040,Silicone sealant 40,Supply neutral cure silicone for wet area perimeter seal — item 40 for insurance repair scope scheduling,primitive,material,general,ea,14.40,12.00,percent,20,0.10,,,
MAT-VAR-GPO-041,Power outlet variant 41,Supply and install power outlet variant to match existing wiring — item 41 for insurance repair scope scheduling,primitive,material,electrical,ea,17.04,14.20,percent,20,0.10,,,
MAT-VAR-CABLE-042,Cable run variant 42,Supply additional cable and conduit for circuit extension — item 42 for insurance repair scope scheduling,primitive,material,electrical,ea,19.68,16.40,percent,20,0.10,,,
MAT-VAR-FITTING-043,Pipe fitting variant 43,Supply brass or PVC fitting for pipe repair junction — item 43 for insurance repair scope scheduling,primitive,material,plumbing,ea,22.32,18.60,percent,20,0.10,,,
MAT-VAR-SEALANT-044,Plumbing sealant 44,Supply plumbing grade sealant and thread tape for joint completion — item 44 for insurance repair scope scheduling,primitive,material,plumbing,ea,24.96,20.80,percent,20,0.10,,,
MAT-VAR-BEAD-045,Plaster bead variant 45,Supply plaster bead or trim for junction detail — item 45 for insurance repair scope scheduling,primitive,material,plastering,ea,27.60,23.00,percent,20,0.10,,,
MAT-VAR-ADHESIVE-046,Construction adhesive 46,Supply construction adhesive for sheet or trim bonding — item 46 for insurance repair scope scheduling,primitive,material,plastering,ea,30.24,25.20,percent,20,0.10,,,
MAT-VAR-FIXINGS-047,Fixings pack 47,Supply nails screws and anchors pack for carpentry repair — item 47 for insurance repair scope scheduling,primitive,material,carpentry,ea,32.88,27.40,percent,20,0.10,,,
MAT-VAR-ADHESIVE-048,Timber adhesive 48,Supply polyurethane timber adhesive for splice joint — item 48 for insurance repair scope scheduling,primitive,material,carpentry,ea,35.52,29.60,percent,20,0.10,,,
MAT-VAR-CONSUMABLE-049,Consumable allowance 49,Supply consumable allowance for blades bits and sundries on repair job — item 49 for insurance repair scope scheduling,primitive,material,general,ea,38.16,31.80,percent,20,0.10,,,
MAT-VAR-SEAL-050,Silicone sealant 50,Supply neutral cure silicone for wet area perimeter seal — item 50 for insurance repair scope scheduling,primitive,material,general,ea,40.80,34.00,percent,20,0.10,,,
MAT-VAR-GPO-051,Power outlet variant 51,Supply and install power outlet variant to match existing wiring — item 51 for insurance repair scope scheduling,primitive,material,electrical,ea,43.44,36.20,percent,20,0.10,,,
MAT-VAR-CABLE-052,Cable run variant 52,Supply additional cable and conduit for circuit extension — item 52 for insurance repair scope scheduling,primitive,material,electrical,ea,46.08,38.40,percent,20,0.10,,,
MAT-VAR-FITTING-053,Pipe fitting variant 53,Supply brass or PVC fitting for pipe repair junction — item 53 for insurance repair scope scheduling,primitive,material,plumbing,ea,48.72,40.60,percent,20,0.10,,,
MAT-VAR-SEALANT-054,Plumbing sealant 54,Supply plumbing grade sealant and thread tape for joint completion — item 54 for insurance repair scope scheduling,primitive,material,plumbing,ea,51.36,42.80,percent,20,0.10,,,
MAT-VAR-BEAD-055,Plaster bead variant 55,Supply plaster bead or trim for junction detail — item 55 for insurance repair scope scheduling,primitive,material,plastering,ea,54.00,45.00,percent,20,0.10,,,
MAT-VAR-ADHESIVE-056,Construction adhesive 56,Supply construction adhesive for sheet or trim bonding — item 56 for insurance repair scope scheduling,primitive,material,plastering,ea,56.64,47.20,percent,20,0.10,,,
MAT-VAR-FIXINGS-057,Fixings pack 57,Supply nails screws and anchors pack for carpentry repair — item 57 for insurance repair scope scheduling,primitive,material,carpentry,ea,59.28,49.40,percent,20,0.10,,,
MAT-VAR-ADHESIVE-058,Timber adhesive 58,Supply polyurethane timber adhesive for splice joint — item 58 for insurance repair scope scheduling,primitive,material,carpentry,ea,61.92,51.60,percent,20,0.10,,,
MAT-VAR-CONSUMABLE-059,Consumable allowance 59,Supply consumable allowance for blades bits and sundries on repair job — item 59 for insurance repair scope scheduling,primitive,material,general,ea,64.56,53.80,percent,20,0.10,,,
MAT-VAR-SEAL-060,Silicone sealant 60,Supply neutral cure silicone for wet area perimeter seal — item 60 for insurance repair scope scheduling,primitive,material,general,ea,67.20,56.00,percent,20,0.10,,,
MAT-VAR-GPO-061,Power outlet variant 61,Supply and install power outlet variant to match existing wiring — item 61 for insurance repair scope scheduling,primitive,material,electrical,ea,69.84,58.20,percent,20,0.10,,,
MAT-VAR-CABLE-062,Cable run variant 62,Supply additional cable and conduit for circuit extension — item 62 for insurance repair scope scheduling,primitive,material,electrical,ea,72.48,60.40,percent,20,0.10,,,
MAT-VAR-FITTING-063,Pipe fitting variant 63,Supply brass or PVC fitting for pipe repair junction — item 63 for insurance repair scope scheduling,primitive,material,plumbing,ea,75.12,62.60,percent,20,0.10,,,
MAT-VAR-SEALANT-064,Plumbing sealant 64,Supply plumbing grade sealant and thread tape for joint completion — item 64 for insurance repair scope scheduling,primitive,material,plumbing,ea,77.76,64.80,percent,20,0.10,,,
MAT-VAR-BEAD-065,Plaster bead variant 65,Supply plaster bead or trim for junction detail — item 65 for insurance repair scope scheduling,primitive,material,plastering,ea,80.40,67.00,percent,20,0.10,,,
MAT-VAR-ADHESIVE-066,Construction adhesive 66,Supply construction adhesive for sheet or trim bonding — item 66 for insurance repair scope scheduling,primitive,material,plastering,ea,83.04,69.20,percent,20,0.10,,,
MAT-VAR-FIXINGS-067,Fixings pack 67,Supply nails screws and anchors pack for carpentry repair — item 67 for insurance repair scope scheduling,primitive,material,carpentry,ea,85.68,71.40,percent,20,0.10,,,
MAT-VAR-ADHESIVE-068,Timber adhesive 68,Supply polyurethane timber adhesive for splice joint — item 68 for insurance repair scope scheduling,primitive,material,carpentry,ea,88.32,73.60,percent,20,0.10,,,
MAT-VAR-CONSUMABLE-069,Consumable allowance 69,Supply consumable allowance for blades bits and sundries on repair job — item 69 for insurance repair scope scheduling,primitive,material,general,ea,90.96,75.80,percent,20,0.10,,,
MAT-VAR-SEAL-070,Silicone sealant 70,Supply neutral cure silicone for wet area perimeter seal — item 70 for insurance repair scope scheduling,primitive,material,general,ea,93.60,78.00,percent,20,0.10,,,
MAT-VAR-GPO-071,Power outlet variant 71,Supply and install power outlet variant to match existing wiring — item 71 for insurance repair scope scheduling,primitive,material,electrical,ea,96.24,80.20,percent,20,0.10,,,
MAT-VAR-CABLE-072,Cable run variant 72,Supply additional cable and conduit for circuit extension — item 72 for insurance repair scope scheduling,primitive,material,electrical,ea,98.88,82.40,percent,20,0.10,,,
MAT-VAR-FITTING-073,Pipe fitting variant 73,Supply brass or PVC fitting for pipe repair junction — item 73 for insurance repair scope scheduling,primitive,material,plumbing,ea,101.52,84.60,percent,20,0.10,,,
MAT-VAR-SEALANT-074,Plumbing sealant 74,Supply plumbing grade sealant and thread tape for joint completion — item 74 for insurance repair scope scheduling,primitive,material,plumbing,ea,104.16,86.80,percent,20,0.10,,,
MAT-VAR-BEAD-075,Plaster bead variant 75,Supply plaster bead or trim for junction detail — item 75 for insurance repair scope scheduling,primitive,material,plastering,ea,106.80,89.00,percent,20,0.10,,,
MAT-VAR-ADHESIVE-076,Construction adhesive 76,Supply construction adhesive for sheet or trim bonding — item 76 for insurance repair scope scheduling,primitive,material,plastering,ea,109.44,91.20,percent,20,0.10,,,
MAT-VAR-FIXINGS-077,Fixings pack 77,Supply nails screws and anchors pack for carpentry repair — item 77 for insurance repair scope scheduling,primitive,material,carpentry,ea,112.08,93.40,percent,20,0.10,,,
MAT-VAR-ADHESIVE-078,Timber adhesive 78,Supply polyurethane timber adhesive for splice joint — item 78 for insurance repair scope scheduling,primitive,material,carpentry,ea,114.72,95.60,percent,20,0.10,,,
MAT-VAR-CONSUMABLE-079,Consumable allowance 79,Supply consumable allowance for blades bits and sundries on repair job — item 79 for insurance repair scope scheduling,primitive,material,general,ea,117.36,97.80,percent,20,0.10,,,
MAT-VAR-SEAL-080,Silicone sealant 80,Supply neutral cure silicone for wet area perimeter seal — item 80 for insurance repair scope scheduling,primitive,material,general,ea,14.40,12.00,percent,20,0.10,,,
MAT-VAR-GPO-081,Power outlet variant 81,Supply and install power outlet variant to match existing wiring — item 81 for insurance repair scope scheduling,primitive,material,electrical,ea,17.04,14.20,percent,20,0.10,,,
MAT-VAR-CABLE-082,Cable run variant 82,Supply additional cable and conduit for circuit extension — item 82 for insurance repair scope scheduling,primitive,material,electrical,ea,19.68,16.40,percent,20,0.10,,,
MAT-VAR-FITTING-083,Pipe fitting variant 83,Supply brass or PVC fitting for pipe repair junction — item 83 for insurance repair scope scheduling,primitive,material,plumbing,ea,22.32,18.60,percent,20,0.10,,,
MAT-VAR-SEALANT-084,Plumbing sealant 84,Supply plumbing grade sealant and thread tape for joint completion — item 84 for insurance repair scope scheduling,primitive,material,plumbing,ea,24.96,20.80,percent,20,0.10,,,
MAT-VAR-BEAD-085,Plaster bead variant 85,Supply plaster bead or trim for junction detail — item 85 for insurance repair scope scheduling,primitive,material,plastering,ea,27.60,23.00,percent,20,0.10,,,
MAT-VAR-ADHESIVE-086,Construction adhesive 86,Supply construction adhesive for sheet or trim bonding — item 86 for insurance repair scope scheduling,primitive,material,plastering,ea,30.24,25.20,percent,20,0.10,,,
MAT-VAR-FIXINGS-087,Fixings pack 87,Supply nails screws and anchors pack for carpentry repair — item 87 for insurance repair scope scheduling,primitive,material,carpentry,ea,32.88,27.40,percent,20,0.10,,,
MAT-VAR-ADHESIVE-088,Timber adhesive 88,Supply polyurethane timber adhesive for splice joint — item 88 for insurance repair scope scheduling,primitive,material,carpentry,ea,35.52,29.60,percent,20,0.10,,,
MAT-VAR-CONSUMABLE-089,Consumable allowance 89,Supply consumable allowance for blades bits and sundries on repair job — item 89 for insurance repair scope scheduling,primitive,material,general,ea,38.16,31.80,percent,20,0.10,,,
MAT-VAR-SEAL-090,Silicone sealant 90,Supply neutral cure silicone for wet area perimeter seal — item 90 for insurance repair scope scheduling,primitive,material,general,ea,40.80,34.00,percent,20,0.10,,,
MAT-VAR-GPO-091,Power outlet variant 91,Supply and install power outlet variant to match existing wiring — item 91 for insurance repair scope scheduling,primitive,material,electrical,ea,43.44,36.20,percent,20,0.10,,,
MAT-VAR-CABLE-092,Cable run variant 92,Supply additional cable and conduit for circuit extension — item 92 for insurance repair scope scheduling,primitive,material,electrical,ea,46.08,38.40,percent,20,0.10,,,
MAT-VAR-FITTING-093,Pipe fitting variant 93,Supply brass or PVC fitting for pipe repair junction — item 93 for insurance repair scope scheduling,primitive,material,plumbing,ea,48.72,40.60,percent,20,0.10,,,
MAT-VAR-SEALANT-094,Plumbing sealant 94,Supply plumbing grade sealant and thread tape for joint completion — item 94 for insurance repair scope scheduling,primitive,material,plumbing,ea,51.36,42.80,percent,20,0.10,,,
MAT-VAR-BEAD-095,Plaster bead variant 95,Supply plaster bead or trim for junction detail — item 95 for insurance repair scope scheduling,primitive,material,plastering,ea,54.00,45.00,percent,20,0.10,,,
MAT-VAR-ADHESIVE-096,Construction adhesive 96,Supply construction adhesive for sheet or trim bonding — item 96 for insurance repair scope scheduling,primitive,material,plastering,ea,56.64,47.20,percent,20,0.10,,,
MAT-VAR-FIXINGS-097,Fixings pack 97,Supply nails screws and anchors pack for carpentry repair — item 97 for insurance repair scope scheduling,primitive,material,carpentry,ea,59.28,49.40,percent,20,0.10,,,
MAT-VAR-ADHESIVE-098,Timber adhesive 98,Supply polyurethane timber adhesive for splice joint — item 98 for insurance repair scope scheduling,primitive,material,carpentry,ea,61.92,51.60,percent,20,0.10,,,
MAT-VAR-CONSUMABLE-099,Consumable allowance 99,Supply consumable allowance for blades bits and sundries on repair job — item 99 for insurance repair scope scheduling,primitive,material,general,ea,64.56,53.80,percent,20,0.10,,,
MAT-VAR-SEAL-100,Silicone sealant 100,Supply neutral cure silicone for wet area perimeter seal — item 100 for insurance repair scope scheduling,primitive,material,general,ea,67.20,56.00,percent,20,0.10,,,
MAT-VAR-GPO-101,Power outlet variant 101,Supply and install power outlet variant to match existing wiring — item 101 for insurance repair scope scheduling,primitive,material,electrical,ea,69.84,58.20,percent,20,0.10,,,
MAT-VAR-CABLE-102,Cable run variant 102,Supply additional cable and conduit for circuit extension — item 102 for insurance repair scope scheduling,primitive,material,electrical,ea,72.48,60.40,percent,20,0.10,,,
MAT-VAR-FITTING-103,Pipe fitting variant 103,Supply brass or PVC fitting for pipe repair junction — item 103 for insurance repair scope scheduling,primitive,material,plumbing,ea,75.12,62.60,percent,20,0.10,,,
MAT-VAR-SEALANT-104,Plumbing sealant 104,Supply plumbing grade sealant and thread tape for joint completion — item 104 for insurance repair scope scheduling,primitive,material,plumbing,ea,77.76,64.80,percent,20,0.10,,,
MAT-VAR-BEAD-105,Plaster bead variant 105,Supply plaster bead or trim for junction detail — item 105 for insurance repair scope scheduling,primitive,material,plastering,ea,80.40,67.00,percent,20,0.10,,,
MAT-VAR-ADHESIVE-106,Construction adhesive 106,Supply construction adhesive for sheet or trim bonding — item 106 for insurance repair scope scheduling,primitive,material,plastering,ea,83.04,69.20,percent,20,0.10,,,
MAT-VAR-FIXINGS-107,Fixings pack 107,Supply nails screws and anchors pack for carpentry repair — item 107 for insurance repair scope scheduling,primitive,material,carpentry,ea,85.68,71.40,percent,20,0.10,,,
MAT-VAR-ADHESIVE-108,Timber adhesive 108,Supply polyurethane timber adhesive for splice joint — item 108 for insurance repair scope scheduling,primitive,material,carpentry,ea,88.32,73.60,percent,20,0.10,,,
MAT-VAR-CONSUMABLE-109,Consumable allowance 109,Supply consumable allowance for blades bits and sundries on repair job — item 109 for insurance repair scope scheduling,primitive,material,general,ea,90.96,75.80,percent,20,0.10,,,
MAT-VAR-SEAL-110,Silicone sealant 110,Supply neutral cure silicone for wet area perimeter seal — item 110 for insurance repair scope scheduling,primitive,material,general,ea,93.60,78.00,percent,20,0.10,,,
MAT-VAR-GPO-111,Power outlet variant 111,Supply and install power outlet variant to match existing wiring — item 111 for insurance repair scope scheduling,primitive,material,electrical,ea,96.24,80.20,percent,20,0.10,,,
MAT-VAR-CABLE-112,Cable run variant 112,Supply additional cable and conduit for circuit extension — item 112 for insurance repair scope scheduling,primitive,material,electrical,ea,98.88,82.40,percent,20,0.10,,,
MAT-VAR-FITTING-113,Pipe fitting variant 113,Supply brass or PVC fitting for pipe repair junction — item 113 for insurance repair scope scheduling,primitive,material,plumbing,ea,101.52,84.60,percent,20,0.10,,,
MAT-VAR-SEALANT-114,Plumbing sealant 114,Supply plumbing grade sealant and thread tape for joint completion — item 114 for insurance repair scope scheduling,primitive,material,plumbing,ea,104.16,86.80,percent,20,0.10,,,
MAT-VAR-BEAD-115,Plaster bead variant 115,Supply plaster bead or trim for junction detail — item 115 for insurance repair scope scheduling,primitive,material,plastering,ea,106.80,89.00,percent,20,0.10,,,
MAT-VAR-ADHESIVE-116,Construction adhesive 116,Supply construction adhesive for sheet or trim bonding — item 116 for insurance repair scope scheduling,primitive,material,plastering,ea,109.44,91.20,percent,20,0.10,,,
MAT-VAR-FIXINGS-117,Fixings pack 117,Supply nails screws and anchors pack for carpentry repair — item 117 for insurance repair scope scheduling,primitive,material,carpentry,ea,112.08,93.40,percent,20,0.10,,,
MAT-VAR-ADHESIVE-118,Timber adhesive 118,Supply polyurethane timber adhesive for splice joint — item 118 for insurance repair scope scheduling,primitive,material,carpentry,ea,114.72,95.60,percent,20,0.10,,,
MAT-VAR-CONSUMABLE-119,Consumable allowance 119,Supply consumable allowance for blades bits and sundries on repair job — item 119 for insurance repair scope scheduling,primitive,material,general,ea,117.36,97.80,percent,20,0.10,,,
MAT-VAR-SEAL-120,Silicone sealant 120,Supply neutral cure silicone for wet area perimeter seal — item 120 for insurance repair scope scheduling,primitive,material,general,ea,14.40,12.00,percent,20,0.10,,,
MAT-VAR-GPO-121,Power outlet variant 121,Supply and install power outlet variant to match existing wiring — item 121 for insurance repair scope scheduling,primitive,material,electrical,ea,17.04,14.20,percent,20,0.10,,,
MAT-VAR-CABLE-122,Cable run variant 122,Supply additional cable and conduit for circuit extension — item 122 for insurance repair scope scheduling,primitive,material,electrical,ea,19.68,16.40,percent,20,0.10,,,
MAT-VAR-FITTING-123,Pipe fitting variant 123,Supply brass or PVC fitting for pipe repair junction — item 123 for insurance repair scope scheduling,primitive,material,plumbing,ea,22.32,18.60,percent,20,0.10,,,
MAT-VAR-SEALANT-124,Plumbing sealant 124,Supply plumbing grade sealant and thread tape for joint completion — item 124 for insurance repair scope scheduling,primitive,material,plumbing,ea,24.96,20.80,percent,20,0.10,,,
MAT-VAR-BEAD-125,Plaster bead variant 125,Supply plaster bead or trim for junction detail — item 125 for insurance repair scope scheduling,primitive,material,plastering,ea,27.60,23.00,percent,20,0.10,,,
MAT-VAR-ADHESIVE-126,Construction adhesive 126,Supply construction adhesive for sheet or trim bonding — item 126 for insurance repair scope scheduling,primitive,material,plastering,ea,30.24,25.20,percent,20,0.10,,,
MAT-VAR-FIXINGS-127,Fixings pack 127,Supply nails screws and anchors pack for carpentry repair — item 127 for insurance repair scope scheduling,primitive,material,carpentry,ea,32.88,27.40,percent,20,0.10,,,
MAT-VAR-ADHESIVE-128,Timber adhesive 128,Supply polyurethane timber adhesive for splice joint — item 128 for insurance repair scope scheduling,primitive,material,carpentry,ea,35.52,29.60,percent,20,0.10,,,
MAT-VAR-CONSUMABLE-129,Consumable allowance 129,Supply consumable allowance for blades bits and sundries on repair job — item 129 for insurance repair scope scheduling,primitive,material,general,ea,38.16,31.80,percent,20,0.10,,,
MAT-VAR-SEAL-130,Silicone sealant 130,Supply neutral cure silicone for wet area perimeter seal — item 130 for insurance repair scope scheduling,primitive,material,general,ea,40.80,34.00,percent,20,0.10,,,
MAT-VAR-GPO-131,Power outlet variant 131,Supply and install power outlet variant to match existing wiring — item 131 for insurance repair scope scheduling,primitive,material,electrical,ea,43.44,36.20,percent,20,0.10,,,
MAT-VAR-CABLE-132,Cable run variant 132,Supply additional cable and conduit for circuit extension — item 132 for insurance repair scope scheduling,primitive,material,electrical,ea,46.08,38.40,percent,20,0.10,,,
MAT-VAR-FITTING-133,Pipe fitting variant 133,Supply brass or PVC fitting for pipe repair junction — item 133 for insurance repair scope scheduling,primitive,material,plumbing,ea,48.72,40.60,percent,20,0.10,,,
MAT-VAR-SEALANT-134,Plumbing sealant 134,Supply plumbing grade sealant and thread tape for joint completion — item 134 for insurance repair scope scheduling,primitive,material,plumbing,ea,51.36,42.80,percent,20,0.10,,,
MAT-VAR-BEAD-135,Plaster bead variant 135,Supply plaster bead or trim for junction detail — item 135 for insurance repair scope scheduling,primitive,material,plastering,ea,54.00,45.00,percent,20,0.10,,,
MAT-VAR-ADHESIVE-136,Construction adhesive 136,Supply construction adhesive for sheet or trim bonding — item 136 for insurance repair scope scheduling,primitive,material,plastering,ea,56.64,47.20,percent,20,0.10,,,
MAT-VAR-FIXINGS-137,Fixings pack 137,Supply nails screws and anchors pack for carpentry repair — item 137 for insurance repair scope scheduling,primitive,material,carpentry,ea,59.28,49.40,percent,20,0.10,,,
MAT-VAR-ADHESIVE-138,Timber adhesive 138,Supply polyurethane timber adhesive for splice joint — item 138 for insurance repair scope scheduling,primitive,material,carpentry,ea,61.92,51.60,percent,20,0.10,,,
MAT-VAR-CONSUMABLE-139,Consumable allowance 139,Supply consumable allowance for blades bits and sundries on repair job — item 139 for insurance repair scope scheduling,primitive,material,general,ea,64.56,53.80,percent,20,0.10,,,
MAT-VAR-SEAL-140,Silicone sealant 140,Supply neutral cure silicone for wet area perimeter seal — item 140 for insurance repair scope scheduling,primitive,material,general,ea,67.20,56.00,percent,20,0.10,,,
MAT-VAR-GPO-141,Power outlet variant 141,Supply and install power outlet variant to match existing wiring — item 141 for insurance repair scope scheduling,primitive,material,electrical,ea,69.84,58.20,percent,20,0.10,,,
MAT-VAR-CABLE-142,Cable run variant 142,Supply additional cable and conduit for circuit extension — item 142 for insurance repair scope scheduling,primitive,material,electrical,ea,72.48,60.40,percent,20,0.10,,,
MAT-VAR-FITTING-143,Pipe fitting variant 143,Supply brass or PVC fitting for pipe repair junction — item 143 for insurance repair scope scheduling,primitive,material,plumbing,ea,75.12,62.60,percent,20,0.10,,,
MAT-VAR-SEALANT-144,Plumbing sealant 144,Supply plumbing grade sealant and thread tape for joint completion — item 144 for insurance repair scope scheduling,primitive,material,plumbing,ea,77.76,64.80,percent,20,0.10,,,
MAT-VAR-BEAD-145,Plaster bead variant 145,Supply plaster bead or trim for junction detail — item 145 for insurance repair scope scheduling,primitive,material,plastering,ea,80.40,67.00,percent,20,0.10,,,
MAT-VAR-ADHESIVE-146,Construction adhesive 146,Supply construction adhesive for sheet or trim bonding — item 146 for insurance repair scope scheduling,primitive,material,plastering,ea,83.04,69.20,percent,20,0.10,,,
MAT-VAR-FIXINGS-147,Fixings pack 147,Supply nails screws and anchors pack for carpentry repair — item 147 for insurance repair scope scheduling,primitive,material,carpentry,ea,85.68,71.40,percent,20,0.10,,,
MAT-VAR-ADHESIVE-148,Timber adhesive 148,Supply polyurethane timber adhesive for splice joint — item 148 for insurance repair scope scheduling,primitive,material,carpentry,ea,88.32,73.60,percent,20,0.10,,,
MAT-VAR-CONSUMABLE-149,Consumable allowance 149,Supply consumable allowance for blades bits and sundries on repair job — item 149 for insurance repair scope scheduling,primitive,material,general,ea,90.96,75.80,percent,20,0.10,,,
MAT-VAR-SEAL-150,Silicone sealant 150,Supply neutral cure silicone for wet area perimeter seal — item 150 for insurance repair scope scheduling,primitive,material,general,ea,93.60,78.00,percent,20,0.10,,,
MAT-VAR-GPO-151,Power outlet variant 151,Supply and install power outlet variant to match existing wiring — item 151 for insurance repair scope scheduling,primitive,material,electrical,ea,96.24,80.20,percent,20,0.10,,,
MAT-VAR-CABLE-152,Cable run variant 152,Supply additional cable and conduit for circuit extension — item 152 for insurance repair scope scheduling,primitive,material,electrical,ea,98.88,82.40,percent,20,0.10,,,
MAT-VAR-FITTING-153,Pipe fitting variant 153,Supply brass or PVC fitting for pipe repair junction — item 153 for insurance repair scope scheduling,primitive,material,plumbing,ea,101.52,84.60,percent,20,0.10,,,
MAT-VAR-SEALANT-154,Plumbing sealant 154,Supply plumbing grade sealant and thread tape for joint completion — item 154 for insurance repair scope scheduling,primitive,material,plumbing,ea,104.16,86.80,percent,20,0.10,,,
MAT-VAR-BEAD-155,Plaster bead variant 155,Supply plaster bead or trim for junction detail — item 155 for insurance repair scope scheduling,primitive,material,plastering,ea,106.80,89.00,percent,20,0.10,,,
MAT-VAR-ADHESIVE-156,Construction adhesive 156,Supply construction adhesive for sheet or trim bonding — item 156 for insurance repair scope scheduling,primitive,material,plastering,ea,109.44,91.20,percent,20,0.10,,,
MAT-VAR-FIXINGS-157,Fixings pack 157,Supply nails screws and anchors pack for carpentry repair — item 157 for insurance repair scope scheduling,primitive,material,carpentry,ea,112.08,93.40,percent,20,0.10,,,
MAT-VAR-ADHESIVE-158,Timber adhesive 158,Supply polyurethane timber adhesive for splice joint — item 158 for insurance repair scope scheduling,primitive,material,carpentry,ea,114.72,95.60,percent,20,0.10,,,
MAT-VAR-CONSUMABLE-159,Consumable allowance 159,Supply consumable allowance for blades bits and sundries on repair job — item 159 for insurance repair scope scheduling,primitive,material,general,ea,117.36,97.80,percent,20,0.10,,,
MAT-VAR-SEAL-160,Silicone sealant 160,Supply neutral cure silicone for wet area perimeter seal — item 160 for insurance repair scope scheduling,primitive,material,general,ea,14.40,12.00,percent,20,0.10,,,
MAT-VAR-GPO-161,Power outlet variant 161,Supply and install power outlet variant to match existing wiring — item 161 for insurance repair scope scheduling,primitive,material,electrical,ea,17.04,14.20,percent,20,0.10,,,
MAT-VAR-CABLE-162,Cable run variant 162,Supply additional cable and conduit for circuit extension — item 162 for insurance repair scope scheduling,primitive,material,electrical,ea,19.68,16.40,percent,20,0.10,,,
MAT-VAR-FITTING-163,Pipe fitting variant 163,Supply brass or PVC fitting for pipe repair junction — item 163 for insurance repair scope scheduling,primitive,material,plumbing,ea,22.32,18.60,percent,20,0.10,,,
MAT-VAR-SEALANT-164,Plumbing sealant 164,Supply plumbing grade sealant and thread tape for joint completion — item 164 for insurance repair scope scheduling,primitive,material,plumbing,ea,24.96,20.80,percent,20,0.10,,,
MAT-VAR-BEAD-165,Plaster bead variant 165,Supply plaster bead or trim for junction detail — item 165 for insurance repair scope scheduling,primitive,material,plastering,ea,27.60,23.00,percent,20,0.10,,,
MAT-VAR-ADHESIVE-166,Construction adhesive 166,Supply construction adhesive for sheet or trim bonding — item 166 for insurance repair scope scheduling,primitive,material,plastering,ea,30.24,25.20,percent,20,0.10,,,
MAT-VAR-FIXINGS-167,Fixings pack 167,Supply nails screws and anchors pack for carpentry repair — item 167 for insurance repair scope scheduling,primitive,material,carpentry,ea,32.88,27.40,percent,20,0.10,,,
ASM-WET-BATH-REL,Bathroom relining,Assembly allowance for bathroom relining including waterproofing wall linings and fit-off,assembly,other,plumbing,,,,,,0.10,fixed,8500.00,
ASM-WET-SHOWER-REL,Shower recess reline,Assembly allowance to reline shower recess including waterproof membrane and tiles,assembly,other,plumbing,,,,,,0.10,fixed,5200.00,
ASM-WET-LAUNDRY,Laundry restoration,Assembly allowance to restore laundry including tub plumbing and splash lining,assembly,other,plumbing,,,,,,0.10,fixed,3800.00,
ASM-KIT-BENCH-REP,Kitchen bench replace,Assembly allowance to replace kitchen benchtop splashback and reconnect plumbing,assembly,other,carpentry,,,,,,0.10,fixed,6200.00,
ASM-KIT-CAB-REF,Kitchen cabinet refit,Assembly allowance to refit kitchen cabinets replace doors and hardware,assembly,other,carpentry,,,,,,0.10,fixed,7800.00,
ASM-KIT-SPLASH,Kitchen splashback,Assembly allowance for tiled or glass kitchen splashback supply and install,assembly,other,carpentry,,,,,,0.10,fixed,2400.00,
ASM-FLR-CARP-BED,Bedroom carpet replace,Assembly allowance to replace bedroom carpet including underlay and trim,assembly,other,general,,,,,,0.10,fixed,1900.00,
ASM-FLR-CARP-LIV,Living carpet replace,Assembly allowance to replace living area carpet including underlay and trim,assembly,other,general,,,,,,0.10,fixed,3200.00,
ASM-FLR-VINYL-WET,Wet area vinyl,Assembly allowance for wet area vinyl plank floor replacement,assembly,other,general,,,,,,0.10,fixed,2800.00,
ASM-FLR-TILE-BATH,Bathroom floor tiles,Assembly allowance for bathroom floor tile replacement including prep,assembly,other,general,,,,,,0.10,fixed,3500.00,
ASM-CEIL-SET-DOWN,Ceiling set down,Assembly allowance for ceiling set down after water damage including insulation,assembly,other,plastering,,,,,,0.10,fixed,4200.00,
ASM-WALL-LINING-REP,Wall lining repair,Assembly allowance to replace wall linings in single room including paint,assembly,other,plastering,,,,,,0.10,fixed,3600.00,
ASM-FIRE-SMOKE-ROOM,Smoke damage room,Assembly allowance for smoke damaged room clean seal and repaint,assembly,other,general,,,,,,0.10,fixed,4100.00,
ASM-FIRE-KITCH,Kitchen fire damage,Assembly allowance for kitchen fire damage strip out and reinstatement,assembly,other,general,,,,,,0.10,fixed,12500.00,
ASM-FLOOD-ROOM,Flood damage room,Assembly allowance for single room flood strip dry out and reinstate linings,assembly,other,general,,,,,,0.10,fixed,5800.00,
ASM-FLOOD-WHOLE-L1,Ground floor flood,Assembly allowance for whole ground floor flood restoration excluding contents,assembly,other,general,,,,,,0.10,fixed,28000.00,
ASM-MOULD-ROOM,Mould remediation room,Assembly allowance for mould remediation in single room with clearance test,assembly,other,general,,,,,,0.10,fixed,3200.00,
ASM-MOULD-WET,Wet area mould treat,Assembly allowance for wet area mould treatment and membrane renewal,assembly,other,plumbing,,,,,,0.10,fixed,4500.00,
ASM-STORM-ROOF-PATCH,Storm roof patch,Assembly allowance to patch storm damaged roof section and restore flashings,assembly,other,general,,,,,,0.10,fixed,2900.00,
ASM-STORM-FENCE,Storm fence rebuild,Assembly allowance to rebuild storm damaged fence section per 10 metres,assembly,other,general,,,,,,0.10,fixed,2200.00,
ASM-STORM-GUTTER,Gutter replacement,Assembly allowance to replace damaged gutter and downpipe run,assembly,other,general,,,,,,0.10,fixed,1650.00,
ASM-ELE-REWIRE-CCT,Circuit rewire,Assembly allowance to rewire single damaged circuit including fittings,assembly,other,electrical,,,,,,0.10,fixed,1800.00,
ASM-ELE-BOARD-UPG,Switchboard upgrade,Assembly allowance for switchboard upgrade with safety switches,assembly,other,electrical,,,,,,0.10,fixed,2400.00,
ASM-ELE-SMOKE-UPG,Smoke alarm upgrade,Assembly allowance to upgrade smoke alarms to interconnected system,assembly,other,electrical,,,,,,0.10,fixed,680.00,
ASM-PLU-HWS-REP,Hot water replace,Assembly allowance to replace hot water service including valves and compliance,assembly,other,plumbing,,,,,,0.10,fixed,2100.00,
ASM-PLU-DRAIN-REP,Underground drain repair,Assembly allowance to excavate and repair underground sewer junction,assembly,other,plumbing,,,,,,0.10,fixed,3800.00,
ASM-PLU-BURST-PIPE,Burst pipe make safe,Assembly allowance for burst pipe isolation repair and make safe,assembly,other,plumbing,,,,,,0.10,fixed,950.00,
ASM-CAR-INT-DOOR,Internal door replace,Assembly allowance to replace internal door jamb architrave and hardware,assembly,other,carpentry,,,,,,0.10,fixed,780.00,
ASM-CAR-WIN-LINING,Window lining replace,Assembly allowance to replace internal window lining and sill,assembly,other,carpentry,,,,,,0.10,fixed,620.00,
ASM-CAR-FLOOR-JOIST,Floor joist repair,Assembly allowance to repair rotted floor joists and replace flooring,assembly,other,carpentry,,,,,,0.10,fixed,4500.00,
ASM-CAR-DECK-SEC,Deck board replace,Assembly allowance to replace damaged deck boards and oil finish,assembly,other,carpentry,,,,,,0.10,fixed,2800.00,
ASM-EXT-DRIVE-PATCH,Driveway patch,Assembly allowance to cut out and patch damaged driveway section,assembly,other,general,,,,,,0.10,fixed,2400.00,
ASM-EXT-PATH-REP,Path reinstatement,Assembly allowance to reinstate concrete path after service trench,assembly,other,general,,,,,,0.10,fixed,1800.00,
ASM-EXT-LANDSCAPE,Landscape restoration,Assembly allowance to restore landscaping disturbed by repair excavation,assembly,other,general,,,,,,0.10,fixed,1500.00,
ASM-MAKE-SAFE,Emergency make safe,Assembly allowance for emergency make safe attendance and temporary weatherproofing,assembly,other,general,,,,,,0.10,fixed,1200.00,
ASM-TEMP-FENCE,Temp fence package,Assembly allowance for temporary fencing around work area for four weeks,assembly,other,general,,,,,,0.10,fixed,980.00,
ASM-CONTAINMENT,Containment setup,Assembly allowance to establish dust containment for occupied dwelling works,assembly,other,general,,,,,,0.10,fixed,850.00,
ASM-PAINT-INT-ROOM,Interior room repaint,Assembly allowance to prep and repaint single standard bedroom,assembly,other,general,,,,,,0.10,fixed,1400.00,
ASM-PAINT-INT-HOUSE,Whole house repaint,Assembly allowance to prep and repaint whole house interior three coat system,assembly,other,general,,,,,,0.10,fixed,9800.00,
ASM-PAINT-EXT-FACADE,Exterior facade repaint,Assembly allowance to wash prep and repaint exterior facade elevation,assembly,other,general,,,,,,0.10,fixed,5600.00,
ASM-INSULATION-CEIL,Ceiling insulation upgrade,Assembly allowance to upgrade ceiling insulation throughout dwelling,assembly,other,plastering,,,,,,0.10,fixed,3200.00,
ASM-INSULATION-WALL,Wall insulation retrofit,Assembly allowance to retrofit wall insulation from internal lining removal,assembly,other,plastering,,,,,,0.10,fixed,4800.00,
ASM-ROOF-SARKING,Roof sarking replace,Assembly allowance to replace damaged roof sarking and restore tiles,assembly,other,general,,,,,,0.10,fixed,5200.00,
ASM-ROOF-FLASH,Roof flashing replace,Assembly allowance to replace roof flashings at wall and chimney junctions,assembly,other,general,,,,,,0.10,fixed,2100.00,
ASM-BALUSTRADE,Balustrade replace,Assembly allowance to replace damaged timber or metal balustrade section,assembly,other,carpentry,,,,,,0.10,fixed,3400.00,
ASM-GARAGE-DOOR,Garage door replace,Assembly allowance to supply and install sectional garage door,assembly,other,carpentry,,,,,,0.10,fixed,2800.00,
ASM-SECURITY-DOOR,Security screen door,Assembly allowance to supply and install security screen door,assembly,other,carpentry,,,,,,0.10,fixed,890.00,
ASM-EVACUATE-SERVICE,Evacuation service,Assembly allowance for tenant evacuation coordination during major works,assembly,other,general,,,,,,0.10,fixed,650.00,
ASM-ACCESS-EQ,Access equipment pack,Assembly allowance for scaffold and access equipment on two storey repair,assembly,other,general,,,,,,0.10,fixed,1800.00,
ASM-QA-HANDOVER,QA handover pack,Assembly allowance for final QA inspection and insurer handover documentation,assembly,other,general,,,,,,0.10,fixed,420.00,
LAB-EXT-001,Data and comms work (per hr),Labour for data comms or TV outlet installation for insurance building repair scope item 1,primitive,labour,electrical,hr,86.40,72.00,percent,20,0.10,,,
LAB-EXT-002,Appliance connect (per hr),Labour to connect and test single domestic appliance for insurance building repair scope item 2,primitive,labour,electrical,hr,88.80,74.00,percent,20,0.10,,,
LAB-EXT-003,Appliance install (per hr),Labour to install dishwasher or washing machine for insurance building repair scope item 3,primitive,labour,plumbing,hr,91.20,76.00,percent,20,0.10,,,
LAB-EXT-004,Gas leak make safe (per hr),Labour to isolate gas leak and make safe appliance for insurance building repair scope item 4,primitive,labour,plumbing,hr,93.60,78.00,percent,20,0.10,,,
LAB-EXT-005,Cornice repair (per hr),Labour to repair damaged cornice section for insurance building repair scope item 5,primitive,labour,plastering,hr,96.00,80.00,percent,20,0.10,,,
LAB-EXT-006,Bulkhead build (per hr),Labour to construct plasterboard bulkhead for insurance building repair scope item 6,primitive,labour,plastering,hr,98.40,82.00,percent,20,0.10,,,
LAB-EXT-007,Stair balustrade (per hr),Labour to replace stair balustrade section for insurance building repair scope item 7,primitive,labour,carpentry,hr,100.80,84.00,percent,20,0.10,,,
LAB-EXT-008,Wardrobe fit out (per hr),Labour to install wardrobe fit out kit for insurance building repair scope item 8,primitive,labour,carpentry,hr,103.20,86.00,percent,20,0.10,,,
LAB-EXT-009,Tile waterproof (per hr),Labour to apply liquid waterproof membrane for insurance building repair scope item 9,primitive,labour,general,hr,105.60,88.00,percent,20,0.10,,,
LAB-EXT-010,Epoxy floor coat (per hr),Labour to apply epoxy coating to garage floor for insurance building repair scope item 10,primitive,labour,general,hr,108.00,90.00,percent,20,0.10,,,
LAB-EXT-011,Pressure wash (per hr),Labour to pressure wash external surfaces for insurance building repair scope item 11,primitive,labour,general,hr,110.40,92.00,percent,20,0.10,,,
LAB-EXT-012,Insulation removal (per hr),Labour to remove contaminated insulation for insurance building repair scope item 12,primitive,labour,general,hr,112.80,94.00,percent,20,0.10,,,
LAB-EXT-013,Hoarding erect (per hr),Labour to erect temporary hoarding for insurance building repair scope item 13,primitive,labour,general,hr,115.20,96.00,percent,20,0.10,,,
LAB-EXT-014,Traffic control (per hr),Labour for pedestrian traffic control during works for insurance building repair scope item 14,primitive,labour,general,hr,117.60,98.00,percent,20,0.10,,,
LAB-EXT-015,Dust barrier (per hr),Labour to install zip wall dust barrier for insurance building repair scope item 15,primitive,labour,general,hr,120.00,100.00,percent,20,0.10,,,
LAB-EXT-016,Data and comms work (per hr),Labour for data comms or TV outlet installation for insurance building repair scope item 16,primitive,labour,electrical,hr,122.40,102.00,percent,20,0.10,,,
LAB-EXT-017,Appliance connect (per hr),Labour to connect and test single domestic appliance for insurance building repair scope item 17,primitive,labour,electrical,hr,124.80,104.00,percent,20,0.10,,,
LAB-EXT-018,Appliance install (per hr),Labour to install dishwasher or washing machine for insurance building repair scope item 18,primitive,labour,plumbing,hr,127.20,106.00,percent,20,0.10,,,
LAB-EXT-019,Gas leak make safe (per hr),Labour to isolate gas leak and make safe appliance for insurance building repair scope item 19,primitive,labour,plumbing,hr,129.60,108.00,percent,20,0.10,,,
LAB-EXT-020,Cornice repair (per hr),Labour to repair damaged cornice section for insurance building repair scope item 20,primitive,labour,plastering,hr,132.00,110.00,percent,20,0.10,,,
LAB-EXT-021,Bulkhead build (per hr),Labour to construct plasterboard bulkhead for insurance building repair scope item 21,primitive,labour,plastering,hr,134.40,112.00,percent,20,0.10,,,
LAB-EXT-022,Stair balustrade (per hr),Labour to replace stair balustrade section for insurance building repair scope item 22,primitive,labour,carpentry,hr,136.80,114.00,percent,20,0.10,,,
LAB-EXT-023,Wardrobe fit out (per hr),Labour to install wardrobe fit out kit for insurance building repair scope item 23,primitive,labour,carpentry,hr,139.20,116.00,percent,20,0.10,,,
LAB-EXT-024,Tile waterproof (per hr),Labour to apply liquid waterproof membrane for insurance building repair scope item 24,primitive,labour,general,hr,141.60,118.00,percent,20,0.10,,,
LAB-EXT-025,Epoxy floor coat (per hr),Labour to apply epoxy coating to garage floor for insurance building repair scope item 25,primitive,labour,general,hr,84.00,70.00,percent,20,0.10,,,
LAB-EXT-026,Pressure wash (per hr),Labour to pressure wash external surfaces for insurance building repair scope item 26,primitive,labour,general,hr,86.40,72.00,percent,20,0.10,,,
LAB-EXT-027,Insulation removal (per hr),Labour to remove contaminated insulation for insurance building repair scope item 27,primitive,labour,general,hr,88.80,74.00,percent,20,0.10,,,
LAB-EXT-028,Hoarding erect (per hr),Labour to erect temporary hoarding for insurance building repair scope item 28,primitive,labour,general,hr,91.20,76.00,percent,20,0.10,,,
LAB-EXT-029,Traffic control (per hr),Labour for pedestrian traffic control during works for insurance building repair scope item 29,primitive,labour,general,hr,93.60,78.00,percent,20,0.10,,,
LAB-EXT-030,Dust barrier (per hr),Labour to install zip wall dust barrier for insurance building repair scope item 30,primitive,labour,general,hr,96.00,80.00,percent,20,0.10,,,
LAB-EXT-031,Data and comms work (per hr),Labour for data comms or TV outlet installation for insurance building repair scope item 31,primitive,labour,electrical,hr,98.40,82.00,percent,20,0.10,,,
LAB-EXT-032,Appliance connect (per hr),Labour to connect and test single domestic appliance for insurance building repair scope item 32,primitive,labour,electrical,hr,100.80,84.00,percent,20,0.10,,,
LAB-EXT-033,Appliance install (per hr),Labour to install dishwasher or washing machine for insurance building repair scope item 33,primitive,labour,plumbing,hr,103.20,86.00,percent,20,0.10,,,
LAB-EXT-034,Gas leak make safe (per hr),Labour to isolate gas leak and make safe appliance for insurance building repair scope item 34,primitive,labour,plumbing,hr,105.60,88.00,percent,20,0.10,,,
LAB-EXT-035,Cornice repair (per hr),Labour to repair damaged cornice section for insurance building repair scope item 35,primitive,labour,plastering,hr,108.00,90.00,percent,20,0.10,,,
LAB-EXT-036,Bulkhead build (per hr),Labour to construct plasterboard bulkhead for insurance building repair scope item 36,primitive,labour,plastering,hr,110.40,92.00,percent,20,0.10,,,
LAB-EXT-037,Stair balustrade (per hr),Labour to replace stair balustrade section for insurance building repair scope item 37,primitive,labour,carpentry,hr,112.80,94.00,percent,20,0.10,,,
LAB-EXT-038,Wardrobe fit out (per hr),Labour to install wardrobe fit out kit for insurance building repair scope item 38,primitive,labour,carpentry,hr,115.20,96.00,percent,20,0.10,,,
LAB-EXT-039,Tile waterproof (per hr),Labour to apply liquid waterproof membrane for insurance building repair scope item 39,primitive,labour,general,hr,117.60,98.00,percent,20,0.10,,,
LAB-EXT-040,Epoxy floor coat (per hr),Labour to apply epoxy coating to garage floor for insurance building repair scope item 40,primitive,labour,general,hr,120.00,100.00,percent,20,0.10,,,
LAB-EXT-041,Pressure wash (per hr),Labour to pressure wash external surfaces for insurance building repair scope item 41,primitive,labour,general,hr,122.40,102.00,percent,20,0.10,,,
LAB-EXT-042,Insulation removal (per hr),Labour to remove contaminated insulation for insurance building repair scope item 42,primitive,labour,general,hr,124.80,104.00,percent,20,0.10,,,
LAB-EXT-043,Hoarding erect (per hr),Labour to erect temporary hoarding for insurance building repair scope item 43,primitive,labour,general,hr,127.20,106.00,percent,20,0.10,,,
LAB-EXT-044,Traffic control (per hr),Labour for pedestrian traffic control during works for insurance building repair scope item 44,primitive,labour,general,hr,129.60,108.00,percent,20,0.10,,,
LAB-EXT-045,Dust barrier (per hr),Labour to install zip wall dust barrier for insurance building repair scope item 45,primitive,labour,general,hr,132.00,110.00,percent,20,0.10,,,
LAB-EXT-046,Data and comms work (per hr),Labour for data comms or TV outlet installation for insurance building repair scope item 46,primitive,labour,electrical,hr,134.40,112.00,percent,20,0.10,,,
LAB-EXT-047,Appliance connect (per hr),Labour to connect and test single domestic appliance for insurance building repair scope item 47,primitive,labour,electrical,hr,136.80,114.00,percent,20,0.10,,,
LAB-EXT-048,Appliance install (per hr),Labour to install dishwasher or washing machine for insurance building repair scope item 48,primitive,labour,plumbing,hr,139.20,116.00,percent,20,0.10,,,
LAB-EXT-049,Gas leak make safe (per hr),Labour to isolate gas leak and make safe appliance for insurance building repair scope item 49,primitive,labour,plumbing,hr,141.60,118.00,percent,20,0.10,,,
LAB-EXT-050,Cornice repair (per hr),Labour to repair damaged cornice section for insurance building repair scope item 50,primitive,labour,plastering,hr,84.00,70.00,percent,20,0.10,,,
LAB-EXT-051,Bulkhead build (per hr),Labour to construct plasterboard bulkhead for insurance building repair scope item 51,primitive,labour,plastering,hr,86.40,72.00,percent,20,0.10,,,
LAB-EXT-052,Stair balustrade (per hr),Labour to replace stair balustrade section for insurance building repair scope item 52,primitive,labour,carpentry,hr,88.80,74.00,percent,20,0.10,,,
LAB-EXT-053,Wardrobe fit out (per hr),Labour to install wardrobe fit out kit for insurance building repair scope item 53,primitive,labour,carpentry,hr,91.20,76.00,percent,20,0.10,,,
LAB-EXT-054,Tile waterproof (per hr),Labour to apply liquid waterproof membrane for insurance building repair scope item 54,primitive,labour,general,hr,93.60,78.00,percent,20,0.10,,,
LAB-EXT-055,Epoxy floor coat (per hr),Labour to apply epoxy coating to garage floor for insurance building repair scope item 55,primitive,labour,general,hr,96.00,80.00,percent,20,0.10,,,
LAB-EXT-056,Pressure wash (per hr),Labour to pressure wash external surfaces for insurance building repair scope item 56,primitive,labour,general,hr,98.40,82.00,percent,20,0.10,,,
LAB-EXT-057,Insulation removal (per hr),Labour to remove contaminated insulation for insurance building repair scope item 57,primitive,labour,general,hr,100.80,84.00,percent,20,0.10,,,
LAB-EXT-058,Hoarding erect (per hr),Labour to erect temporary hoarding for insurance building repair scope item 58,primitive,labour,general,hr,103.20,86.00,percent,20,0.10,,,
LAB-EXT-059,Traffic control (per hr),Labour for pedestrian traffic control during works for insurance building repair scope item 59,primitive,labour,general,hr,105.60,88.00,percent,20,0.10,,,
